L,g,lambda,route_A_seed_lambda,route_B_seed_lambda,route_A_run_id,route_B_run_id,d_P,d_n,d_E,d_C,mu_A,mu_B,Mmc_A,Mmc_B,deltaP_A,deltaP_B,gamma_A,gamma_B,complex_fraction_A,complex_fraction_B,field_residual_A,field_residual_B,number_residual_A,number_residual_B,verdict
24,0.05,0.05,0.04948168092155145,0.03162277660168373,fig3_branch_trial_64d2450ea686,fig4_branch_trial_fb1b4fe5b65c,8.169129321961128e-10,5.733249891036834e-10,8.446798815953116e-10,7.28337261300606e-10,-1.373991663831518,-1.3739916643128094,0.02443708043287405,0.02443708183961721,2.2837780382208007e-05,0.000761620284951689,3.8414341928629235e-34,2.935292569037745e-32,0.0,0.0,8.205224166206232e-11,8.980937495767709e-11,1.9621160252114578e-10,4.863797142817816e-10,PASS
24,0.05,0.075,0.04948168092155145,0.05179474679231202,fig3_branch_trial_64d2450ea686,fig4_branch_trial_a281339d266a,1.5874857687328334e-09,5.210925656183835e-10,3.520619351604637e-10,5.752506246241225e-10,-1.373886079374707,-1.373886079488192,0.053371513939233776,0.0533715157752544,0.0011997780826885872,0.0010972981726427627,1.1378832193234392e-33,2.3654410343844156e-32,0.0,0.0,8.590997832570132e-11,8.604712070060327e-11,8.057405853634236e-10,9.166015724204613e-10,PASS
24,0.05,0.1,0.04948168092155145,0.08483428982440708,fig3_branch_trial_64d2450ea686,fig4_branch_trial_f345299a1a64,1.2725397752289474e-09,6.710764655680689e-10,8.241185511792537e-10,1.022700067330782e-09,-1.373836101619891,-1.3738361021057395,0.08956721409739775,0.08956721248926068,0.0024802574767140116,0.0007856196580228787,0.0036152032402931734,0.0036152031019647322,0.08333333333333333,0.08333333333333333,9.587056921377139e-11,8.905717429270065e-11,1.4583778629173594e-10,1.5460188684812692e-10,PASS
24,0.05,0.15,0.1,0.1389495494373136,fig3_branch_trial_e50719c52745,fig4_branch_trial_87a919311ffa,3.487630341611895e-09,2.859060924665425e-09,7.173890148592932e-09,3.899391936228215e-09,-1.3739116908705185,-1.3739116944627865,0.17281128586175332,0.17281128583496538,0.002659568977285426,0.0005871405992088043,0.006385042800583159,0.006385036966624897,0.16666666666666666,0.16666666666666666,6.83012926129484e-11,8.898437114209382e-11,9.839972170411215e-10,9.297569381061521e-10,PASS
24,0.05,0.2,0.1,0.1389495494373136,fig3_branch_trial_e50719c52745,fig4_branch_trial_87a919311ffa,6.871735818600034e-10,5.939966946173518e-10,1.3662595499397412e-09,8.693758381008806e-10,-1.374221474357653,-1.3742214751692452,0.25842282168439684,0.25842282121517207,0.0052520273463395935,0.003177859014402021,0.025465909584529475,0.025465909258227972,0.25,0.25,8.862606189188497e-11,8.948895477224168e-11,2.2283475065165703e-10,6.487855808146037e-10,PASS
40,0.05,0.012,0.005994842503189421,0.011787686347935854,fig3_branch_trial_b7697847c508,fig4_branch_trial_8df56f0d02aa,6.856496904341572e-10,5.778865722183257e-10,1.0850897957936922e-09,1.3622986260246482e-09,-1.3855285302048914,-1.3855285309071919,0.008406798824706817,0.008406798066227504,3.120059755894627e-05,1.2071189905905657e-06,9.750317447641925e-17,2.2265836244478906e-16,0.0,0.0,8.427896883278466e-11,8.30663753961165e-11,6.738927194049893e-10,2.922337927202534e-10,PASS
40,0.05,0.02,0.012115276586285901,0.019306977288832457,fig3_branch_trial_4afe30398198,fig4_branch_trial_2c9f69513551,5.92396112635154e-10,4.4533218908360226e-10,2.2606684302317603e-09,1.0358886600712873e-09,-1.3855374648493282,-1.3855374655523955,0.022390086146580862,0.02239008578344254,4.962635517881515e-05,4.705674544292418e-06,7.652286479588611e-16,3.415171816910419e-16,0.0,0.0,8.699188819052834e-11,6.270466939298221e-11,4.4758075024020627e-10,1.2187861830881275e-10,PASS
40,0.05,0.025,0.02448436746822229,0.019306977288832457,fig3_branch_trial_8dda836ba014,fig4_branch_trial_2c9f69513551,9.200697340435703e-10,4.072518251854091e-10,1.0279836445853319e-09,1.3078734120328365e-09,-1.3855446874251167,-1.3855446868542143,0.03374566568237814,0.033745666816326514,3.7706300984988834e-06,4.016722389312128e-05,0.003187690780124416,0.0031876907183190977,0.1,0.1,8.586577172796388e-11,8.902398723201558e-11,2.953792765936214e-10,4.3926196013899244e-11,PASS
40,0.05,0.03,0.02448436746822229,0.019306977288832457,fig3_branch_trial_8dda836ba014,fig4_branch_trial_2c9f69513551,6.636195060435181e-10,5.449847403290985e-10,1.0399741068312096e-09,1.3334898378757324e-09,-1.3855532283193561,-1.3855532289915997,0.046619433612452695,0.04661943466071626,4.135487905377834e-05,7.766318968859044e-05,0.005160732696670397,0.005160732994512404,0.1,0.1,8.372113843026471e-11,8.85030367899652e-11,4.5115156055430816e-10,8.135553342114576e-10,PASS
