run_id,study,kind,config_hash,git_commit,source_config_hash,L,U,g,q,lambda,chi,status,message,field_residual,density_residual,number_residual,s_min,mu_evaluations,total_scf_iterations,wall_seconds,accepted,requested,reason,raw_directory,bulk_pair_product_imag,bulk_pair_product_real,complex_fraction,gamma_max_over_t,metric_K_real,metric_phase_stable,metric_violation,minimum_eigenvalue_separation,mu,right_condition,mp_similarity_error,covariance_error,similarity_condition,spectrum_error,map_error,component_error,density_error,pair_product_error,scale_imag,scale_real,delta_P_bulk,delta_P_full,seed_method,trial_index,branch_message,branch_terminated,pair_product_error_to_nh,density_uniformity,momentum_spectrum_error,pair_uniformity,density_error_to_endpoint,pair_product_error_to_endpoint,spectrum_error_to_endpoint,green_covariance_max,branch_id
fig3_branch_trial_021123f65e44,fig3,branch_trial,056697e838fdf90f8af053d13a5639d0d26706ba59f595f9bbc2d755d337fc52,cb20a339f3d8dfccb33e4fd8bf6738036431a0eb,056697e838fdf90f8af053d13a5639d0d26706ba59f595f9bbc2d755d337fc52,40,2.0,0.1,3.9000000000000004,1.2915496650148854e-06,7.05162223857399e-05,SUCCESS,SUCCESS,8.454650538640526e-11,7.697809582776754e-11,2.0487289642545647e-10,0.999999999999793,13,1897,25.73923358414322,True,True,SUCCESS,data/raw/fig3/fig3_branch_trial_021123f65e44,0.0,0.12616890740252248,0.0,0.0,1.0000001925990836,True,2.6847979683382545e-08,0.001824079552212643,-1.385520796121273,49.40235950558736,,,,,,,,,,,3.7731616660453056e-08,3.9373421635940746e-08,fig2_hermitian_map,5.0,,,,,,,,,,,U2_L40_g0p10
fig3_branch_trial_04806a0da1dc,fig3,branch_trial,056697e838fdf90f8af053d13a5639d0d26706ba59f595f9bbc2d755d337fc52,cb20a339f3d8dfccb33e4fd8bf6738036431a0eb,056697e838fdf90f8af053d13a5639d0d26706ba59f595f9bbc2d755d337fc52,40,2.0,0.1,3.9000000000000004,2.782559402207126e-10,1.519225957178408e-08,SUCCESS,SUCCESS,6.155218239959658e-11,4.704228531097197e-11,6.113356487702504e-10,0.9999999999999996,1,3,0.04154637083411217,True,True,SUCCESS,data/raw/fig3/fig3_branch_trial_04806a0da1dc,0.0,0.12616890265686267,0.0,0.0,1.0000000000007458,True,1.0342701538241544e-12,0.0018191688733693034,-1.3855207912384604,49.4024490860229,,,,,,,,,,,1.1731752058922694e-10,1.809332813061578e-10,fig2_hermitian_map,2.0,,,,,,,,,,,U2_L40_g0p10
fig3_branch_trial_10d2069e7038,fig3,branch_trial,056697e838fdf90f8af053d13a5639d0d26706ba59f595f9bbc2d755d337fc52,cb20a339f3d8dfccb33e4fd8bf6738036431a0eb,056697e838fdf90f8af053d13a5639d0d26706ba59f595f9bbc2d755d337fc52,40,2.0,0.1,3.9000000000000004,1.6681005372000556e-11,9.107520340041714e-10,SUCCESS,SUCCESS,6.649105477000344e-11,5.520899562543585e-11,6.179564637776025e-10,0.9999999999999997,1,3,0.04167426098138094,True,True,SUCCESS,data/raw/fig3/fig3_branch_trial_10d2069e7038,0.0,0.12616890265297243,0.0,0.0,1.0000000000000455,True,6.200977511176155e-14,0.001819167866814242,-1.3855207912384604,49.40244910436098,,,,,,,,,,,8.478254939505587e-11,1.2924387675448602e-10,fig2_hermitian_map,1.0,,,,,,,,,,,U2_L40_g0p10
fig3_branch_trial_1b5f527dd2d0,fig3,branch_trial,056697e838fdf90f8af053d13a5639d0d26706ba59f595f9bbc2d755d337fc52,cb20a339f3d8dfccb33e4fd8bf6738036431a0eb,056697e838fdf90f8af053d13a5639d0d26706ba59f595f9bbc2d755d337fc52,24,2.0,0.1,2.3000000000000003,0.04948168092155145,0.5454452964088903,SUCCESS,SUCCESS,9.450447981862913e-11,5.604890750542578e-11,3.4436520301994733e-10,0.998050208466437,21,7464,30.57613490987569,True,True,SUCCESS,data/raw/fig3/fig3_branch_trial_1b5f527dd2d0,-1.495307082523541e-19,0.124937001914553,0.08333333333333333,0.015624208075140153,0.6610866691548519,True,0.11977536515818109,0.0018483002822518024,-1.3734042766206849,35.79135092468294,,,,,,,,,,,0.0070146847073720145,0.04279505163611435,fig2_hermitian_map,16.0,,,,,,,,,,,U2_L24_g0p10
fig3_branch_trial_22b344feb807,fig3,branch_trial,056697e838fdf90f8af053d13a5639d0d26706ba59f595f9bbc2d755d337fc52,cb20a339f3d8dfccb33e4fd8bf6738036431a0eb,056697e838fdf90f8af053d13a5639d0d26706ba59f595f9bbc2d755d337fc52,24,2.0,0.1,2.3000000000000003,0.0007262917501736235,0.00800604206596874,SUCCESS,SUCCESS,8.535532358148236e-11,2.8275662704165128e-11,9.201828188309946e-11,0.9999999833898675,13,2426,9.541643870063126,True,True,SUCCESS,data/raw/fig3/fig3_branch_trial_22b344feb807,0.0,0.12416353781473513,0.0,0.0,1.0000901567915443,True,5.403138594773084e-05,0.01995674208310061,-1.374327458531302,9.97453014548142,,,,,,,,,,,6.241772185265996e-05,6.513871897493667e-05,fig2_hermitian_map,10.0,,,,,,,,,,,U2_L24_g0p10
fig3_branch_trial_2860771a3158,fig3,branch_trial,056697e838fdf90f8af053d13a5639d0d26706ba59f595f9bbc2d755d337fc52,cb20a339f3d8dfccb33e4fd8bf6738036431a0eb,056697e838fdf90f8af053d13a5639d0d26706ba59f595f9bbc2d755d337fc52,24,2.0,0.1,2.3000000000000003,0.012115276586285901,0.133548830710887,SUCCESS,SUCCESS,8.344751035280832e-11,7.964757306598615e-11,3.4475555743540554e-10,0.9999837217351191,20,7087,28.581580220721662,True,True,SUCCESS,data/raw/fig3/fig3_branch_trial_2860771a3158,-9.579180514281065e-36,0.12431326274111516,0.0,3.7921369636033905e-34,0.968687674963716,True,0.00983595602634599,0.02034948640409906,-1.3740334184691638,10.193529754496126,,,,,,,,,,,0.001292891285152339,0.004051088630277278,fig2_hermitian_map,14.0,,,,,,,,,,,U2_L24_g0p10
fig3_branch_trial_32393d1e04f4,fig3,branch_trial,056697e838fdf90f8af053d13a5639d0d26706ba59f595f9bbc2d755d337fc52,cb20a339f3d8dfccb33e4fd8bf6738036431a0eb,056697e838fdf90f8af053d13a5639d0d26706ba59f595f9bbc2d755d337fc52,40,2.0,0.1,3.9000000000000004,8.799225435691092e-05,0.004804214305133212,SUCCESS,SUCCESS,8.495171712187769e-11,6.538085426716106e-11,6.204405877952013e-10,0.9999999997003942,13,3065,43.09321864088997,True,True,SUCCESS,data/raw/fig3/fig3_branch_trial_32393d1e04f4,2.3543084998005233e-19,0.12616922036646222,0.0,4.4386845402635517e-16,0.9999299532364192,True,1.272135796885159e-05,0.0021536282634990744,-1.3855210304962728,49.3998768484025,,,,,,,,,,,2.519351627148242e-06,5.143885784757811e-06,fig2_hermitian_map,11.0,,,,,,,,,,,U2_L40_g0p10
fig3_branch_trial_326e4b038f6e,fig3,branch_trial,056697e838fdf90f8af053d13a5639d0d26706ba59f595f9bbc2d755d337fc52,cb20a339f3d8dfccb33e4fd8bf6738036431a0eb,056697e838fdf90f8af053d13a5639d0d26706ba59f595f9bbc2d755d337fc52,40,2.0,0.1,3.9000000000000004,0.0001778279410038928,0.009709076603015662,SUCCESS,SUCCESS,8.975818023205553e-11,3.390670463082446e-11,1.963356144329964e-10,0.9999999985962496,14,3442,48.966723138000816,True,True,SUCCESS,data/raw/fig3/fig3_branch_trial_326e4b038f6e,2.563553942452399e-19,0.12616954919485954,0.0,4.436529515635897e-16,0.9996831407037009,True,5.551216425932913e-05,0.0024953549693886856,-1.385521281961117,49.40468225651463,,,,,,,,,,,5.131736974268472e-06,1.7250149354497163e-05,fig2_hermitian_map,12.0,,,,,,,,,,,U2_L40_g0p10
fig3_branch_trial_33a4f916ebda,fig3,branch_trial,056697e838fdf90f8af053d13a5639d0d26706ba59f595f9bbc2d755d337fc52,cb20a339f3d8dfccb33e4fd8bf6738036431a0eb,056697e838fdf90f8af053d13a5639d0d26706ba59f595f9bbc2d755d337fc52,40,2.0,0.1,3.9000000000000004,7.742636826811277e-08,4.2273364712239e-06,SUCCESS,SUCCESS,9.547129254273885e-11,1.799606615059313e-12,6.949636421893501e-10,0.9999999999999996,1,48,0.6638112827204168,True,True,SUCCESS,data/raw/fig3/fig3_branch_trial_33a4f916ebda,0.0,0.12616890293705119,0.0,0.0,1.0000000031612446,True,1.0331944098348582e-09,0.0018194614697597533,-1.3855207912384604,49.40244368618857,,,,,,,,,,,2.3340395817763457e-09,2.464818050210826e-09,fig2_hermitian_map,4.0,,,,,,,,,,,U2_L40_g0p10
fig3_branch_trial_3b558ba2fbdf,fig3,branch_trial,056697e838fdf90f8af053d13a5639d0d26706ba59f595f9bbc2d755d337fc52,cb20a339f3d8dfccb33e4fd8bf6738036431a0eb,056697e838fdf90f8af053d13a5639d0d26706ba59f595f9bbc2d755d337fc52,40,2.0,0.1,3.9000000000000004,2.1544346900318867e-05,0.0011762814844297155,SUCCESS,SUCCESS,9.390603619124102e-11,2.038525086119779e-11,2.9527758016456573e-10,0.999999999942419,13,2223,30.30437162797898,True,True,SUCCESS,data/raw/fig3/fig3_branch_trial_3b558ba2fbdf,0.0,0.1261689800988365,0.0,0.0,0.999998572695803,True,4.949979704768451e-07,0.0019010381624910977,-1.3855208498322105,49.40115657035271,,,,,,,,,,,6.139523273317579e-07,7.380529989134388e-07,fig2_hermitian_map,6.0,,,,,,,,,,,U2_L40_g0p10
fig3_branch_trial_505aa2bb8187,fig3,branch_trial,056697e838fdf90f8af053d13a5639d0d26706ba59f595f9bbc2d755d337fc52,cb20a339f3d8dfccb33e4fd8bf6738036431a0eb,056697e838fdf90f8af053d13a5639d0d26706ba59f595f9bbc2d755d337fc52,40,2.0,0.1,3.9000000000000004,4.354004653656653e-05,0.0023772059932535413,SUCCESS,SUCCESS,8.015564002547427e-11,3.516633767050774e-11,8.648111116116297e-10,0.9999999999302278,11,2611,36.095454707276076,True,True,SUCCESS,data/raw/fig3/fig3_branch_trial_505aa2bb8187,5.476086873335331e-19,0.12616905931848937,0.0,4.987385918316115e-16,0.9999865941924115,True,2.70362717842575e-06,0.0019846333650008763,-1.3855209084259603,49.400280163479174,,,,,,,,,,,1.241990135462839e-06,1.7994957576801753e-06,fig2_hermitian_map,10.0,,,,,,,,,,,U2_L40_g0p10
fig3_branch_trial_527f7526a827,fig3,branch_trial,056697e838fdf90f8af053d13a5639d0d26706ba59f595f9bbc2d755d337fc52,cb20a339f3d8dfccb33e4fd8bf6738036431a0eb,056697e838fdf90f8af053d13a5639d0d26706ba59f595f9bbc2d755d337fc52,40,2.0,0.1,3.9000000000000004,0.005994842503189421,0.32730731041420597,SUCCESS,SUCCESS,9.304021045421472e-11,1.842035999660931e-11,3.1803359945570264e-10,0.9991889693991028,16,7766,119.27944269776344,True,True,SUCCESS,data/raw/fig3/fig3_branch_trial_527f7526a827,-8.304090568805352e-19,0.12619078274252812,0.1,0.010045245006114817,0.742631248739538,True,0.04954957670305693,0.010117296046708472,-1.3855524802296322,56.970665754878226,,,,,,,,,,,0.00027055228734987395,0.012276647941633644,fig2_hermitian_map,17.0,,,,,,,,,,,U2_L40_g0p10
fig3_branch_trial_59d53059d1f1,fig3,branch_trial,056697e838fdf90f8af053d13a5639d0d26706ba59f595f9bbc2d755d337fc52,cb20a339f3d8dfccb33e4fd8bf6738036431a0eb,056697e838fdf90f8af053d13a5639d0d26706ba59f595f9bbc2d755d337fc52,40,2.0,0.1,3.9000000000000004,4.641588833612792e-09,2.534221635297582e-07,SUCCESS,SUCCESS,7.72178810031785e-11,3.877170515154106e-11,6.086215975642517e-10,0.9999999999999996,1,3,0.04185630660504103,True,True,SUCCESS,data/raw/fig3/fig3_branch_trial_59d53059d1f1,0.0,0.12616890266297584,0.0,0.0,1.0000000000124023,True,1.72563018885969e-11,0.0018191854367761717,-1.3855207912384604,49.40244878013542,,,,,,,,,,,1.662739972615193e-10,2.414406064725177e-10,fig2_hermitian_map,3.0,,,,,,,,,,,U2_L40_g0p10
fig3_branch_trial_681ec39d819a,fig3,branch_trial,056697e838fdf90f8af053d13a5639d0d26706ba59f595f9bbc2d755d337fc52,cb20a339f3d8dfccb33e4fd8bf6738036431a0eb,056697e838fdf90f8af053d13a5639d0d26706ba59f595f9bbc2d755d337fc52,40,2.0,0.1,3.9000000000000004,1e-12,5.459815003314424e-11,SUCCESS,SUCCESS,7.369543259026921e-11,6.493628210679576e-11,6.271102526156369e-10,0.9999999999999998,1,3,0.04193323012441397,True,True,SUCCESS,data/raw/fig3/fig3_branch_trial_681ec39d819a,0.0,0.12616890264839706,0.0,0.0,1.0000000000000038,True,3.775779754126702e-15,0.0018191677881447266,-1.3855207912384604,49.402449105460185,,,,,,,,,,,4.6589202997274094e-11,6.984177810441853e-11,fig2_hermitian_map,0.0,,,,,,,,,,,U2_L40_g0p10
fig3_branch_trial_69ce77372fa4,fig3,branch_trial,056697e838fdf90f8af053d13a5639d0d26706ba59f595f9bbc2d755d337fc52,cb20a339f3d8dfccb33e4fd8bf6738036431a0eb,056697e838fdf90f8af053d13a5639d0d26706ba59f595f9bbc2d755d337fc52,40,2.0,0.1,3.9000000000000004,0.00035938136638046403,0.019621557760756952,SUCCESS,SUCCESS,8.938613071391369e-11,2.741955466271247e-11,4.905520434306254e-12,0.9999999812296687,13,3735,55.26201076991856,True,True,SUCCESS,data/raw/fig3/fig3_branch_trial_69ce77372fa4,-2.142969547766907e-18,0.12617022651087045,0.0,3.1284299340714806e-16,0.9986455476367491,True,0.00023382293294546335,0.0031868128993526312,-1.3855218044220545,49.438013008711245,,,,,,,,,,,1.0544387534825508e-05,6.411648735484511e-05,fig2_hermitian_map,13.0,,,,,,,,,,,U2_L40_g0p10
fig3_branch_trial_6f1148ae2300,fig3,branch_trial,056697e838fdf90f8af053d13a5639d0d26706ba59f595f9bbc2d755d337fc52,cb20a339f3d8dfccb33e4fd8bf6738036431a0eb,056697e838fdf90f8af053d13a5639d0d26706ba59f595f9bbc2d755d337fc52,24,2.0,0.1,2.3000000000000003,1e-12,1.1023176380641605e-11,SUCCESS,SUCCESS,8.617079859641525e-11,2.0585533560627118e-11,7.708139682094384e-10,0.9999999999999994,1,11,0.0417792983353138,True,True,SUCCESS,data/raw/fig3/fig3_branch_trial_6f1148ae2300,0.0,0.12415580280783026,0.0,0.0,1.000000000000047,True,6.710950416311773e-14,0.019120736070532107,-1.374346883571062,9.974182454814308,,,,,,,,,,,6.912771671337086e-11,3.532635869956322e-10,fig2_hermitian_map,0.0,,,,,,,,,,,U2_L24_g0p10
fig3_branch_trial_763d6238bb06,fig3,branch_trial,056697e838fdf90f8af053d13a5639d0d26706ba59f595f9bbc2d755d337fc52,cb20a339f3d8dfccb33e4fd8bf6738036431a0eb,056697e838fdf90f8af053d13a5639d0d26706ba59f595f9bbc2d755d337fc52,24,2.0,0.1,2.3000000000000003,7.742636826811277e-08,8.534845139319194e-07,SUCCESS,SUCCESS,9.654462947854138e-11,5.393320544412257e-14,3.175210094852332e-10,0.9999999999999992,1,127,0.48275203397497535,True,True,SUCCESS,data/raw/fig3/fig3_branch_trial_763d6238bb06,0.0,0.12415580376207748,0.0,0.0,1.0000000189321272,True,7.83982115411071e-09,0.01912083132149256,-1.374346883571062,9.974182415501712,,,,,,,,,,,7.662457643393417e-09,7.616499110251116e-09,fig2_hermitian_map,4.0,,,,,,,,,,,U2_L24_g0p10
fig3_branch_trial_7da8169e709d,fig3,branch_trial,056697e838fdf90f8af053d13a5639d0d26706ba59f595f9bbc2d755d337fc52,cb20a339f3d8dfccb33e4fd8bf6738036431a0eb,056697e838fdf90f8af053d13a5639d0d26706ba59f595f9bbc2d755d337fc52,40,2.0,0.1,3.9000000000000004,0.0029663488391777374,0.16195715897206936,SUCCESS,SUCCESS,9.127994277920667e-11,2.916911595440888e-11,2.080638994428341e-10,0.9999231073333859,14,5660,83.88161870557815,True,True,SUCCESS,data/raw/fig3/fig3_branch_trial_7da8169e709d,6.469007920283406e-18,0.12618096380465013,0.1,0.001640781979481259,0.9153629275607919,True,0.014974038415787351,0.0016427989589462913,-1.3855320745430517,104.95973410006629,,,,,,,,,,,0.00011376712446634464,0.003727318614638324,fig2_hermitian_map,16.0,,,,,,,,,,,U2_L40_g0p10
fig3_branch_trial_801fcd29d437,fig3,branch_trial,056697e838fdf90f8af053d13a5639d0d26706ba59f595f9bbc2d755d337fc52,cb20a339f3d8dfccb33e4fd8bf6738036431a0eb,056697e838fdf90f8af053d13a5639d0d26706ba59f595f9bbc2d755d337fc52,24,2.0,0.1,2.3000000000000003,0.0014677992676220735,0.016179810218374686,SUCCESS,SUCCESS,8.852469836087118e-11,3.8261984074188653e-11,4.1574355069684543e-10,0.9999999341838286,16,3338,13.038692720234394,True,True,SUCCESS,data/raw/fig3/fig3_branch_trial_801fcd29d437,0.0,0.12417168010204661,0.0,0.0,0.9999122705580061,True,0.00010401385149233496,0.02080936542341405,-1.374307671599476,9.976391977580855,,,,,,,,,,,0.0001281101845240166,0.00014738912603756655,fig2_hermitian_map,11.0,,,,,,,,,,,U2_L24_g0p10
fig3_branch_trial_80bab5314056,fig3,branch_trial,056697e838fdf90f8af053d13a5639d0d26706ba59f595f9bbc2d755d337fc52,cb20a339f3d8dfccb33e4fd8bf6738036431a0eb,056697e838fdf90f8af053d13a5639d0d26706ba59f595f9bbc2d755d337fc52,24,2.0,0.1,2.3000000000000003,1.2915496650148854e-06,1.4236979761817662e-05,SUCCESS,SUCCESS,8.919786540502348e-11,3.9243607313429946e-11,5.915100631526116e-10,0.9999999999998113,13,1638,6.242142866831273,True,True,SUCCESS,data/raw/fig3/fig3_branch_trial_80bab5314056,0.0,0.12415581635656386,0.0,0.0,1.0000003924283354,True,1.4283005218236857e-07,0.01912222470758662,-1.3743468493913742,9.974181784020104,,,,,,,,,,,1.0931894919310083e-07,1.0577668594207551e-07,fig2_hermitian_map,5.0,,,,,,,,,,,U2_L24_g0p10
fig3_branch_trial_b25cd4ac9fa3,fig3,branch_trial,056697e838fdf90f8af053d13a5639d0d26706ba59f595f9bbc2d755d337fc52,cb20a339f3d8dfccb33e4fd8bf6738036431a0eb,056697e838fdf90f8af053d13a5639d0d26706ba59f595f9bbc2d755d337fc52,24,2.0,0.1,2.3000000000000003,0.1,1.1023176380641606,SUCCESS,SUCCESS,9.041356487575236e-11,6.344150365511157e-11,8.727668587837911e-10,0.9773850600343972,21,6258,26.579541094601154,True,True,SUCCESS,data/raw/fig3/fig3_branch_trial_b25cd4ac9fa3,-1.708637033861678e-17,0.12552289104062708,0.3333333333333333,0.07469325735558363,0.3613551940507859,True,0.27328194275664075,0.04551306283275691,-1.3733618085809076,22.842275871862427,,,,,,,,,,,0.013232563802489954,0.09593258073266822,fig2_hermitian_map,9.0,,,,,,,,,,,U2_L24_g0p10
fig3_branch_trial_b9c0333f4049,fig3,branch_trial,056697e838fdf90f8af053d13a5639d0d26706ba59f595f9bbc2d755d337fc52,cb20a339f3d8dfccb33e4fd8bf6738036431a0eb,056697e838fdf90f8af053d13a5639d0d26706ba59f595f9bbc2d755d337fc52,24,2.0,0.1,2.3000000000000003,2.1544346900318867e-05,0.0002374871358879441,SUCCESS,SUCCESS,9.124781573553086e-11,5.435216170110013e-11,4.732523262163113e-10,0.9999999999473911,13,1852,7.171952480915934,True,True,SUCCESS,data/raw/fig3/fig3_branch_trial_b9c0333f4049,0.0,0.12415602882434101,0.0,0.0,1.00000643972587,True,2.3563761851928867e-06,0.019145550918751253,-1.3743463073991866,9.974171864269474,,,,,,,,,,,1.8244202674751228e-06,1.7720261326051865e-06,fig2_hermitian_map,6.0,,,,,,,,,,,U2_L24_g0p10
fig3_branch_trial_babf0778f580,fig3,branch_trial,056697e838fdf90f8af053d13a5639d0d26706ba59f595f9bbc2d755d337fc52,cb20a339f3d8dfccb33e4fd8bf6738036431a0eb,056697e838fdf90f8af053d13a5639d0d26706ba59f595f9bbc2d755d337fc52,40,2.0,0.1,3.9000000000000004,0.005994842503189421,0.32730731041420597,SUCCESS,SUCCESS,8.405861823038352e-11,5.001885623337433e-11,4.0534120504531757e-10,0.9983923981031221,16,8264,126.77180233597755,True,True,SUCCESS,data/raw/fig3/fig3_branch_trial_babf0778f580,-5.9836200804495e-19,0.12619078274188125,0.1,0.010045245007905436,0.7426312495958981,True,0.04954957664575903,0.01011729631095247,-1.3855524804515995,56.97066568177616,,,,,,,,,,,0.00027055224078629294,0.012276647259930665,fig2_hermitian_map,8.0,,,,,,,,,,,U2_L40_g0p10
fig3_branch_trial_bba24449a7f1,fig3,branch_trial,056697e838fdf90f8af053d13a5639d0d26706ba59f595f9bbc2d755d337fc52,cb20a339f3d8dfccb33e4fd8bf6738036431a0eb,056697e838fdf90f8af053d13a5639d0d26706ba59f595f9bbc2d755d337fc52,24,2.0,0.1,2.3000000000000003,0.1,1.1023176380641606,SUCCESS,SUCCESS,8.460219431939816e-11,6.608171829175384e-11,6.654562456631652e-10,0.9922627189341404,13,3870,16.356433112174273,True,True,SUCCESS,data/raw/fig3/fig3_branch_trial_bba24449a7f1,-2.350698094278402e-18,0.12552289088903648,0.3333333333333333,0.07469325776212898,0.36135519489621587,True,0.2732819427987333,0.045513062816391,-1.3733618058397734,22.842275890617298,,,,,,,,,,,0.013232562752158328,0.09593257918303195,fig2_hermitian_map,17.0,,,,,,,,,,,U2_L24_g0p10
fig3_branch_trial_bcad2404649a,fig3,branch_trial,056697e838fdf90f8af053d13a5639d0d26706ba59f595f9bbc2d755d337fc52,cb20a339f3d8dfccb33e4fd8bf6738036431a0eb,056697e838fdf90f8af053d13a5639d0d26706ba59f595f9bbc2d755d337fc52,40,2.0,0.1,3.9000000000000004,0.00035938136638046403,0.019621557760756952,SUCCESS,SUCCESS,8.587290421630818e-11,6.078677351617499e-11,3.1091684782325046e-11,0.9999999683240932,14,3791,53.976220816839486,True,True,SUCCESS,data/raw/fig3/fig3_branch_trial_bcad2404649a,-2.6771970573602672e-20,0.12617022652993054,0.0,3.053548224884115e-16,0.9986455488509483,True,0.0002338228388306543,0.003186812974629971,-1.385521804422054,49.43801300788905,,,,,,,,,,,1.0544540459425338e-05,6.411648118159821e-05,fig2_hermitian_map,7.0,,,,,,,,,,,U2_L40_g0p10
fig3_branch_trial_bd0f355c282d,fig3,branch_trial,056697e838fdf90f8af053d13a5639d0d26706ba59f595f9bbc2d755d337fc52,cb20a339f3d8dfccb33e4fd8bf6738036431a0eb,056697e838fdf90f8af053d13a5639d0d26706ba59f595f9bbc2d755d337fc52,40,2.0,0.1,3.9000000000000004,0.0007262917501736235,0.03965418594381441,SUCCESS,SUCCESS,9.218835481172017e-11,3.493296175438947e-11,8.384315464127212e-11,0.9999996776456349,13,4035,57.06909681390971,True,True,SUCCESS,data/raw/fig3/fig3_branch_trial_bd0f355c282d,-4.2569323805173165e-18,0.12617164461604177,0.0,2.617180046960536e-16,0.9943771591940733,True,0.0009657014642068739,0.004527631825642087,-1.3855229323517415,49.61460905387889,,,,,,,,,,,2.2114692679097375e-05,0.00024996084359064436,fig2_hermitian_map,14.0,,,,,,,,,,,U2_L40_g0p10
fig3_branch_trial_bfcd4e907a2a,fig3,branch_trial,056697e838fdf90f8af053d13a5639d0d26706ba59f595f9bbc2d755d337fc52,cb20a339f3d8dfccb33e4fd8bf6738036431a0eb,056697e838fdf90f8af053d13a5639d0d26706ba59f595f9bbc2d755d337fc52,40,2.0,0.1,3.9000000000000004,0.0014677992676220735,0.0801391246321692,SUCCESS,SUCCESS,8.907595920989583e-11,5.5378082324470634e-11,4.2900394348066584e-10,0.9999947246011603,14,4364,63.146590523887426,True,True,SUCCESS,data/raw/fig3/fig3_branch_trial_bfcd4e907a2a,1.7267472786153593e-18,0.12617466882230413,0.0,4.162771783453955e-16,0.9773531633125201,True,0.003904871442451464,0.004148848228478497,-1.385525506186169,50.807928842735315,,,,,,,,,,,4.84777661504956e-05,0.0009839720992071634,fig2_hermitian_map,15.0,,,,,,,,,,,U2_L40_g0p10
fig3_branch_trial_c0d0bf81abfd,fig3,branch_trial,056697e838fdf90f8af053d13a5639d0d26706ba59f595f9bbc2d755d337fc52,cb20a339f3d8dfccb33e4fd8bf6738036431a0eb,056697e838fdf90f8af053d13a5639d0d26706ba59f595f9bbc2d755d337fc52,24,2.0,0.1,2.3000000000000003,0.0029663488391777374,0.032698586460767676,SUCCESS,SUCCESS,8.857209895555949e-11,4.9184409939833976e-11,6.975643396245346e-10,0.9999997217992147,17,4449,17.35787340113893,True,True,SUCCESS,data/raw/fig3/fig3_branch_trial_c0d0bf81abfd,0.0,0.12418887886006248,0.0,0.0,0.998722598372258,True,0.00045469397112341616,0.022530516602944806,-1.3742678538414417,9.984875746050218,,,,,,,,,,,0.00026703479187190147,0.0003794979959952836,fig2_hermitian_map,12.0,,,,,,,,,,,U2_L24_g0p10
fig3_branch_trial_c2c15f8507e2,fig3,branch_trial,056697e838fdf90f8af053d13a5639d0d26706ba59f595f9bbc2d755d337fc52,cb20a339f3d8dfccb33e4fd8bf6738036431a0eb,056697e838fdf90f8af053d13a5639d0d26706ba59f595f9bbc2d755d337fc52,24,2.0,0.1,2.3000000000000003,1.6681005372000556e-11,1.8387766442199225e-10,SUCCESS,SUCCESS,7.663340569579895e-11,1.82497052675751e-11,7.719290762153719e-10,0.9999999999999997,1,3,0.011632092762738466,True,True,SUCCESS,data/raw/fig3/fig3_branch_trial_c2c15f8507e2,0.0,0.12415580280699601,0.0,0.0,1.0000000000002314,True,4.738754725159962e-13,0.01912073608681153,-1.374346883571062,9.974182454807579,,,,,,,,,,,7.841515146907573e-11,4.0267424165547697e-10,fig2_hermitian_map,1.0,,,,,,,,,,,U2_L24_g0p10
fig3_branch_trial_dcc36ec53f96,fig3,branch_trial,056697e838fdf90f8af053d13a5639d0d26706ba59f595f9bbc2d755d337fc52,cb20a339f3d8dfccb33e4fd8bf6738036431a0eb,056697e838fdf90f8af053d13a5639d0d26706ba59f595f9bbc2d755d337fc52,40,2.0,0.1,3.9000000000000004,0.1,5.459815003314424,SUCCESS,SUCCESS,9.294745584362607e-11,1.4372499768140657e-11,9.394196531786747e-10,0.764534812027008,22,10996,192.01179423602298,True,True,SUCCESS,data/raw/fig3/fig3_branch_trial_dcc36ec53f96,-1.1675456719721847e-18,0.12571112806863857,0.95,0.12366614166642317,0.026164372890635657,True,0.5090902455190607,0.009038798075836147,-1.3869403371567322,30.28473025925425,,,,,,,,,,,0.004500580569718294,0.12063029609261783,fig2_hermitian_map,9.0,,,,,,,,,,,U2_L40_g0p10
fig3_branch_trial_df453a0bf4c0,fig3,branch_trial,056697e838fdf90f8af053d13a5639d0d26706ba59f595f9bbc2d755d337fc52,cb20a339f3d8dfccb33e4fd8bf6738036431a0eb,056697e838fdf90f8af053d13a5639d0d26706ba59f595f9bbc2d755d337fc52,24,2.0,0.1,2.3000000000000003,0.005994842503189421,0.06608220628682401,SUCCESS,SUCCESS,8.14944542551619e-11,4.148727886247476e-11,3.641985601987585e-10,0.9999956369688872,17,6272,24.9289347846061,True,True,SUCCESS,data/raw/fig3/fig3_branch_trial_df453a0bf4c0,0.0,0.12422655416923686,0.0,0.0,0.9929804765429626,True,0.0022338408402316303,0.02353991598026639,-1.374188323472353,10.022155776721338,,,,,,,,,,,0.000573262372010129,0.0011632567406649596,fig2_hermitian_map,8.0,,,,,,,,,,,U2_L24_g0p10
fig3_branch_trial_fd5d5c44927e,fig3,branch_trial,056697e838fdf90f8af053d13a5639d0d26706ba59f595f9bbc2d755d337fc52,cb20a339f3d8dfccb33e4fd8bf6738036431a0eb,056697e838fdf90f8af053d13a5639d0d26706ba59f595f9bbc2d755d337fc52,24,2.0,0.1,2.3000000000000003,0.02448436746822229,0.26989550117065764,SUCCESS,SUCCESS,8.429447572392742e-11,5.251267874273504e-11,2.954002598087868e-10,0.9997793615783265,17,7862,32.03498763917014,True,True,SUCCESS,data/raw/fig3/fig3_branch_trial_fd5d5c44927e,7.753365000551778e-20,0.12451706193269542,0.0,9.422156874864109e-18,0.8811833640318107,True,0.038284099121993,0.009076863770806076,-1.373757990724108,11.776293725707655,,,,,,,,,,,0.003067035482601346,0.0142333637695498,fig2_hermitian_map,15.0,,,,,,,,,,,U2_L24_g0p10
fig3_branch_trial_fdb9389b833d,fig3,branch_trial,056697e838fdf90f8af053d13a5639d0d26706ba59f595f9bbc2d755d337fc52,cb20a339f3d8dfccb33e4fd8bf6738036431a0eb,056697e838fdf90f8af053d13a5639d0d26706ba59f595f9bbc2d755d337fc52,24,2.0,0.1,2.3000000000000003,0.005994842503189421,0.06608220628682401,SUCCESS,SUCCESS,8.76064413379911e-11,4.111747971348896e-11,8.386441541219369e-10,0.9999984615011666,17,5677,22.654497382696718,True,True,SUCCESS,data/raw/fig3/fig3_branch_trial_fdb9389b833d,0.0,0.12422655432899143,0.0,0.0,0.9929804780833739,True,0.0022338405204233858,0.02353991168713654,-1.374188325737846,10.022155773261778,,,,,,,,,,,0.0005732635855841032,0.001163258105567214,fig2_hermitian_map,13.0,,,,,,,,,,,U2_L24_g0p10
fig3_branch_trial_fdf030796747,fig3,branch_trial,056697e838fdf90f8af053d13a5639d0d26706ba59f595f9bbc2d755d337fc52,cb20a339f3d8dfccb33e4fd8bf6738036431a0eb,056697e838fdf90f8af053d13a5639d0d26706ba59f595f9bbc2d755d337fc52,24,2.0,0.1,2.3000000000000003,4.641588833612792e-09,5.116505239933034e-08,SUCCESS,SUCCESS,5.576648824032209e-11,3.536537233210402e-11,7.514747712988878e-10,0.9999999999999996,1,3,0.011546276975423098,True,True,SUCCESS,data/raw/fig3/fig3_branch_trial_fdf030796747,0.0,0.12415580281664063,0.0,0.0,1.000000000055318,True,1.244544585458017e-10,0.019120741687365994,-1.374346883571062,9.974182452823838,,,,,,,,,,,6.691558554962335e-11,4.58306952035412e-10,fig2_hermitian_map,3.0,,,,,,,,,,,U2_L24_g0p10
fig3_branch_trial_fe0fb2fb5aaa,fig3,branch_trial,056697e838fdf90f8af053d13a5639d0d26706ba59f595f9bbc2d755d337fc52,cb20a339f3d8dfccb33e4fd8bf6738036431a0eb,056697e838fdf90f8af053d13a5639d0d26706ba59f595f9bbc2d755d337fc52,24,2.0,0.1,2.3000000000000003,2.782559402207126e-10,3.0672643080141817e-09,SUCCESS,SUCCESS,6.407118961172315e-11,1.6264087005051952e-11,7.717099181903109e-10,0.9999999999999996,1,3,0.011564337182790041,True,True,SUCCESS,data/raw/fig3/fig3_branch_trial_fe0fb2fb5aaa,0.0,0.12415580280684797,0.0,0.0,1.0000000000033455,True,7.478201456255495e-12,0.01912073640142742,-1.374346883571062,9.974182454695383,,,,,,,,,,,8.316877626122617e-11,4.447839653216974e-10,fig2_hermitian_map,2.0,,,,,,,,,,,U2_L24_g0p10
fig3_branch_trial_ffa55fd71565,fig3,branch_trial,056697e838fdf90f8af053d13a5639d0d26706ba59f595f9bbc2d755d337fc52,cb20a339f3d8dfccb33e4fd8bf6738036431a0eb,056697e838fdf90f8af053d13a5639d0d26706ba59f595f9bbc2d755d337fc52,24,2.0,0.1,2.3000000000000003,0.00035938136638046403,0.003961524189527838,SUCCESS,SUCCESS,8.754071295926824e-11,2.882679369840431e-11,3.753629629343891e-10,0.9999999855666618,13,2390,9.375234468840063,True,True,SUCCESS,data/raw/fig3/fig3_branch_trial_ffa55fd71565,0.0,0.12415960045097052,0.0,0.0,1.0000773167464316,True,3.246166701176425e-05,0.01953453093039803,-1.374337268235375,9.974172750792363,,,,,,,,,,,3.064956648184054e-05,3.070268573634991e-05,fig2_hermitian_map,7.0,,,,,,,,,,,U2_L24_g0p10
fig3_obc_seed_be375f54b713,fig3,obc_seed,056697e838fdf90f8af053d13a5639d0d26706ba59f595f9bbc2d755d337fc52,cb20a339f3d8dfccb33e4fd8bf6738036431a0eb,056697e838fdf90f8af053d13a5639d0d26706ba59f595f9bbc2d755d337fc52,24,2.0,0.1,2.3000000000000003,0.0,0.0,SUCCESS,SUCCESS,0.0,0.0,7.619783692902615e-10,,1,0,0.0,True,True,,data/raw/fig3/fig3_obc_seed_be375f54b713,0.0,0.12415580281408296,0.0,0.0,1.0,True,1.26792302215028e-16,0.019120736089212942,-1.374346883571062,10.080422459593603,,,,,,,,,,,,,fig2_hermitian_map,,SUCCESS,False,,,,,,,,,U2_L24_g0p10
fig3_obc_seed_e62dfa589afc,fig3,obc_seed,056697e838fdf90f8af053d13a5639d0d26706ba59f595f9bbc2d755d337fc52,cb20a339f3d8dfccb33e4fd8bf6738036431a0eb,056697e838fdf90f8af053d13a5639d0d26706ba59f595f9bbc2d755d337fc52,40,2.0,0.1,3.9000000000000004,0.0,0.0,SUCCESS,SUCCESS,0.0,0.0,6.397635754495923e-10,,1,0,0.0,True,True,,data/raw/fig3/fig3_obc_seed_e62dfa589afc,0.0,0.1261689026427852,0.0,9.092953500057457e-16,1.0000000000000002,True,2.0739300316695942e-16,0.0018191677580523535,-1.3855207912384604,50.20113582223131,,,,,,,,,,,,,fig2_hermitian_map,,SUCCESS,False,,,,,,,,,U2_L40_g0p10
fig4_branch_trial_041d4f7b6557,fig3,branch_trial,056697e838fdf90f8af053d13a5639d0d26706ba59f595f9bbc2d755d337fc52,cb20a339f3d8dfccb33e4fd8bf6738036431a0eb,056697e838fdf90f8af053d13a5639d0d26706ba59f595f9bbc2d755d337fc52,24,2.0,0.05,1.1500000000000001,1.9306977288832496e-08,6.410142202354297e-08,SUCCESS,SUCCESS,8.751271092368515e-11,2.19164350364491e-11,1.433579921439332e-10,0.9999999999999993,1,10,0.0388234700076282,True,True,SUCCESS,data/raw/fig4/fig4_branch_trial_041d4f7b6557,1.8784253487485697e-33,0.1241558029213425,0.0,5.837997212334353e-32,1.0000000001493545,True,3.292710391611053e-10,0.019120746916838405,-1.3743468846512323,3.1581929089190814,,,,,,,,,,,5.285591809161263e-10,7.167097218872467e-10,direct_obc,5.0,,,,,,,,,,,U2_L24_g0p05
fig4_branch_trial_09ae86439847,fig3,branch_trial,056697e838fdf90f8af053d13a5639d0d26706ba59f595f9bbc2d755d337fc52,cb20a339f3d8dfccb33e4fd8bf6738036431a0eb,056697e838fdf90f8af053d13a5639d0d26706ba59f595f9bbc2d755d337fc52,24,2.0,0.05,1.1500000000000001,1.389495494373136e-07,4.6132875049344347e-07,SUCCESS,SUCCESS,9.696038163564561e-11,1.822063763459943e-12,4.3283410189332017e-10,0.9999999999999991,1,63,0.2438137298449874,True,True,SUCCESS,data/raw/fig4/fig4_branch_trial_09ae86439847,8.030350882055958e-34,0.12415580343957017,0.0,1.195716991168108e-32,1.0000000047727122,True,4.136777320650781e-09,0.01912079493460861,-1.3743468846512323,3.1581929037095713,,,,,,,,,,,4.71322244494913e-09,4.990299210585029e-09,direct_obc,6.0,,,,,,,,,,,U2_L24_g0p05
fig4_branch_trial_111a5fdc029e,fig3,branch_trial,056697e838fdf90f8af053d13a5639d0d26706ba59f595f9bbc2d755d337fc52,cb20a339f3d8dfccb33e4fd8bf6738036431a0eb,056697e838fdf90f8af053d13a5639d0d26706ba59f595f9bbc2d755d337fc52,40,2.0,0.05,1.9500000000000002,0.1389495494373136,1.026706015713448,SUCCESS,SUCCESS,8.705608879386431e-11,7.50627558032021e-11,4.810810638744556e-10,0.9944086233625954,19,8294,139.35495072370395,True,True,SUCCESS,data/raw/fig4/fig4_branch_trial_111a5fdc029e,-1.6428500206214553e-17,0.12618151913886658,0.45,0.047145035646276534,0.3385035211059258,True,0.35218672492802994,0.018300835207231803,-1.3860546164338026,16.240965522413717,,,,,,,,,,,0.0009154069669377953,0.0487414409907079,direct_obc,26.0,,,,,,,,,,,U2_L40_g0p05
fig4_branch_trial_1c8fba9ff7da,fig3,branch_trial,056697e838fdf90f8af053d13a5639d0d26706ba59f595f9bbc2d755d337fc52,cb20a339f3d8dfccb33e4fd8bf6738036431a0eb,056697e838fdf90f8af053d13a5639d0d26706ba59f595f9bbc2d755d337fc52,24,2.0,0.05,1.1500000000000001,0.6105402296585326,2.027064948500753,SUCCESS,SUCCESS,5.135291783135747e-11,6.923898026135101e-11,4.04916433716096e-10,0.9838260270921564,25,6199,25.98250334104523,True,True,SUCCESS,data/raw/fig4/fig4_branch_trial_1c8fba9ff7da,2.3893941936512376e-17,0.1269095780686203,0.8333333333333334,0.09044346494297262,0.2318556775669198,True,0.6857905241936848,0.02265261788014694,-1.3850044974090898,4.6852588598274885,,,,,,,,,,,0.027901296507458387,0.2041606143245073,direct_obc,25.0,,,,,,,,,,,U2_L24_g0p05
fig4_branch_trial_1e31ce2af580,fig3,branch_trial,056697e838fdf90f8af053d13a5639d0d26706ba59f595f9bbc2d755d337fc52,cb20a339f3d8dfccb33e4fd8bf6738036431a0eb,056697e838fdf90f8af053d13a5639d0d26706ba59f595f9bbc2d755d337fc52,24,2.0,0.05,1.1500000000000001,7.1968567300115285e-12,2.3894405819821692e-11,SUCCESS,SUCCESS,7.15701148062512e-11,4.100761418698079e-11,2.320186265336588e-10,0.9999999999999994,1,3,0.011626441031694412,True,True,SUCCESS,data/raw/fig4/fig4_branch_trial_1e31ce2af580,-1.2741171693949772e-33,0.12415580286363133,0.0,2.4650509482330674e-32,1.0000000000000149,True,5.2071890882447835e-14,0.01912073918096424,-1.3743468846512323,3.158192909689506,,,,,,,,,,,5.7042608976541414e-11,1.326359724060606e-10,direct_obc,1.0,,,,,,,,,,,U2_L24_g0p05
fig4_branch_trial_239262e8a218,fig3,branch_trial,056697e838fdf90f8af053d13a5639d0d26706ba59f595f9bbc2d755d337fc52,cb20a339f3d8dfccb33e4fd8bf6738036431a0eb,056697e838fdf90f8af053d13a5639d0d26706ba59f595f9bbc2d755d337fc52,24,2.0,0.05,1.1500000000000001,0.3727593720314938,1.2376046991904113,SUCCESS,SUCCESS,8.819954768692514e-11,6.07193590166307e-11,8.259146699884923e-10,0.9944880341401265,20,5605,23.88314457796514,True,True,SUCCESS,data/raw/fig4/fig4_branch_trial_239262e8a218,3.300123957119847e-19,0.12596263096918242,0.5833333333333334,0.07231060117725333,0.386860829806857,True,0.5021864524730697,0.015545749658084942,-1.377025361092071,12.718245787941704,,,,,,,,,,,0.01735744073975584,0.12800914358827656,direct_obc,24.0,,,,,,,,,,,U2_L24_g0p05
fig4_branch_trial_2c9f69513551,fig3,branch_trial,056697e838fdf90f8af053d13a5639d0d26706ba59f595f9bbc2d755d337fc52,cb20a339f3d8dfccb33e4fd8bf6738036431a0eb,056697e838fdf90f8af053d13a5639d0d26706ba59f595f9bbc2d755d337fc52,40,2.0,0.05,1.9500000000000002,0.019306977288832457,0.142660338287963,SUCCESS,SUCCESS,8.704813388717504e-11,3.081366944258699e-11,8.1248197059125e-10,0.9998675371395284,14,6231,89.97869397699833,True,True,SUCCESS,data/raw/fig4/fig4_branch_trial_2c9f69513551,-2.6261520143856673e-19,0.12617993800846397,0.0,2.8330157864455947e-16,0.9431086041808542,True,0.02095899776954691,0.0021512428095232794,-1.3855365646734894,14.242900363472335,,,,,,,,,,,0.00010032210586922947,0.002972862106129837,direct_obc,12.0,,,,,,,,,,,U2_L40_g0p05
fig4_branch_trial_2fd882971287,fig3,branch_trial,056697e838fdf90f8af053d13a5639d0d26706ba59f595f9bbc2d755d337fc52,cb20a339f3d8dfccb33e4fd8bf6738036431a0eb,056697e838fdf90f8af053d13a5639d0d26706ba59f595f9bbc2d755d337fc52,24,2.0,0.05,1.1500000000000001,0.22758459260747863,0.7556074572701929,SUCCESS,SUCCESS,8.35899386235406e-11,5.811667799590794e-11,9.09873176802023e-10,0.9979087138646208,17,6460,27.276433428749442,True,True,SUCCESS,data/raw/fig4/fig4_branch_trial_2fd882971287,8.619759025747976e-18,0.12533589367452308,0.25,0.03598669640983949,0.5962609019299004,True,0.3037344750378212,0.046633049321420914,-1.374490416422748,6.064035623032407,,,,,,,,,,,0.010804379752500478,0.07186465483030915,direct_obc,23.0,,,,,,,,,,,U2_L24_g0p05
fig4_branch_trial_333b8237f6bc,fig3,branch_trial,056697e838fdf90f8af053d13a5639d0d26706ba59f595f9bbc2d755d337fc52,cb20a339f3d8dfccb33e4fd8bf6738036431a0eb,056697e838fdf90f8af053d13a5639d0d26706ba59f595f9bbc2d755d337fc52,24,2.0,0.05,1.1500000000000001,1.0,3.320116922736548,SUCCESS,SUCCESS,6.148727116323053e-12,5.605255836244238e-11,9.335108241970147e-10,0.9564649050469654,25,2311,9.647780551109463,True,True,SUCCESS,data/raw/fig4/fig4_branch_trial_333b8237f6bc,-4.1986812491484564e-18,0.12819196083082024,0.9166666666666666,0.10004167187531081,0.18085544775918883,True,0.7673136065679522,0.04934677761036249,-1.3994662774962965,1.0000000000002824,,,,,,,,,,,0.044403343788653994,0.20231006250308164,direct_obc,26.0,,,,,,,,,,,U2_L24_g0p05
fig4_branch_trial_36450359965f,fig3,branch_trial,056697e838fdf90f8af053d13a5639d0d26706ba59f595f9bbc2d755d337fc52,cb20a339f3d8dfccb33e4fd8bf6738036431a0eb,056697e838fdf90f8af053d13a5639d0d26706ba59f595f9bbc2d755d337fc52,24,2.0,0.05,1.1500000000000001,5.179474679231202e-11,1.7196461533400967e-10,SUCCESS,SUCCESS,6.478218471404512e-11,3.5708574404369727e-11,2.2878920979962913e-10,0.9999999999999996,1,3,0.011709339916706085,True,True,SUCCESS,data/raw/fig4/fig4_branch_trial_36450359965f,-1.3180733187685151e-33,0.12415580286569347,0.0,2.60156177289363e-32,1.0000000000001104,True,3.790252802201599e-13,0.01912073920464996,-1.3743468846512323,3.1581929096878283,,,,,,,,,,,7.973334097987934e-11,1.889793086222011e-10,direct_obc,2.0,,,,,,,,,,,U2_L24_g0p05
fig4_branch_trial_3703149ae8ea,fig3,branch_trial,056697e838fdf90f8af053d13a5639d0d26706ba59f595f9bbc2d755d337fc52,cb20a339f3d8dfccb33e4fd8bf6738036431a0eb,056697e838fdf90f8af053d13a5639d0d26706ba59f595f9bbc2d755d337fc52,40,2.0,0.05,1.9500000000000002,0.0016378937069540646,0.012102488484769063,SUCCESS,SUCCESS,8.928052309559729e-11,2.0717152778599185e-11,1.7253709572173648e-10,0.9999999601618756,10,3267,46.315110760275275,True,True,SUCCESS,data/raw/fig4/fig4_branch_trial_3703149ae8ea,-1.526172106688507e-18,0.1261697273323308,0.0,2.739855183395838e-16,0.9995808675109601,True,0.0001520318145389085,0.002677467553161339,-1.3855214604624195,7.0310511418064126,,,,,,,,,,,6.548298446418374e-06,2.6021731901187386e-05,direct_obc,17.0,,,,,,,,,,,U2_L40_g0p05
fig4_branch_trial_3e96ba91bcac,fig3,branch_trial,056697e838fdf90f8af053d13a5639d0d26706ba59f595f9bbc2d755d337fc52,cb20a339f3d8dfccb33e4fd8bf6738036431a0eb,056697e838fdf90f8af053d13a5639d0d26706ba59f595f9bbc2d755d337fc52,40,2.0,0.05,1.9500000000000002,1.0,7.38905609893065,SUCCESS,SUCCESS,7.353612733788414e-11,2.1528646954713955e-11,8.289194886046403e-10,0.8016196149104823,25,3611,61.14089545980096,True,True,SUCCESS,data/raw/fig4/fig4_branch_trial_3e96ba91bcac,-9.107918248283687e-18,0.1264994781391756,0.95,0.1000416718753106,0.036802241071064126,True,0.8656416436976156,0.013622136695750908,-1.403718616587536,1.0000000000010025,,,,,,,,,,,0.008057736132156513,0.14525578917752907,direct_obc,14.0,,,,,,,,,,,U2_L40_g0p05
fig4_branch_trial_469d6b6c0e6d,fig3,branch_trial,056697e838fdf90f8af053d13a5639d0d26706ba59f595f9bbc2d755d337fc52,cb20a339f3d8dfccb33e4fd8bf6738036431a0eb,056697e838fdf90f8af053d13a5639d0d26706ba59f595f9bbc2d755d337fc52,24,2.0,0.05,1.1500000000000001,1.0,3.320116922736548,SUCCESS,SUCCESS,8.663943877127313e-12,6.22570166301479e-11,5.379218182000045e-10,0.8224709756249765,27,2520,10.553353322204202,True,True,SUCCESS,data/raw/fig4/fig4_branch_trial_469d6b6c0e6d,-3.629553354207785e-18,0.1281919608359064,0.9166666666666666,0.10004167187531035,0.18085544775919543,True,0.7673136065679526,0.04934677692196825,-1.399466278200892,1.0000000000003955,,,,,,,,,,,0.04440334381861865,0.2023100625227339,direct_obc,14.0,,,,,,,,,,,U2_L24_g0p05
fig4_branch_trial_47f5e85c894e,fig3,branch_trial,056697e838fdf90f8af053d13a5639d0d26706ba59f595f9bbc2d755d337fc52,cb20a339f3d8dfccb33e4fd8bf6738036431a0eb,056697e838fdf90f8af053d13a5639d0d26706ba59f595f9bbc2d755d337fc52,24,2.0,0.05,1.1500000000000001,0.019306977288832457,0.06410142202354284,SUCCESS,SUCCESS,8.738418797756876e-11,5.522013817486932e-11,3.4849123586866426e-10,0.9999958960674479,18,5222,21.004475364927202,True,True,SUCCESS,data/raw/fig4/fig4_branch_trial_47f5e85c894e,1.1098238724339127e-33,0.12422939555371307,0.0,2.5067063141677335e-32,0.995176050617368,True,0.0033302145636015627,0.023370003693627406,-1.3741895532344843,3.1756258710286462,,,,,,,,,,,0.0005959748872188266,0.0011577740631325147,direct_obc,18.0,,,,,,,,,,,U2_L24_g0p05
fig4_branch_trial_48a5e360dba6,fig3,branch_trial,056697e838fdf90f8af053d13a5639d0d26706ba59f595f9bbc2d755d337fc52,cb20a339f3d8dfccb33e4fd8bf6738036431a0eb,056697e838fdf90f8af053d13a5639d0d26706ba59f595f9bbc2d755d337fc52,40,2.0,0.05,1.9500000000000002,0.03162277660168373,0.23366247031379261,SUCCESS,SUCCESS,7.48416794643548e-11,7.598144137263463e-11,1.582556308221683e-11,0.9997381436441807,17,7290,107.8627465609461,True,True,SUCCESS,data/raw/fig4/fig4_branch_trial_48a5e360dba6,2.472150238329558e-18,0.12618696205903968,0.1,0.005739379970826481,0.8658988213694935,True,0.05105906775994187,0.005775618827992247,-1.385556289260679,8.734994226439941,,,,,,,,,,,0.00018680565750550307,0.007183173983089865,direct_obc,23.0,,,,,,,,,,,U2_L40_g0p05
fig4_branch_trial_4b9a277d051a,fig3,branch_trial,056697e838fdf90f8af053d13a5639d0d26706ba59f595f9bbc2d755d337fc52,cb20a339f3d8dfccb33e4fd8bf6738036431a0eb,056697e838fdf90f8af053d13a5639d0d26706ba59f595f9bbc2d755d337fc52,40,2.0,0.05,1.9500000000000002,1e-12,7.38905609893065e-12,SUCCESS,SUCCESS,7.881848799702564e-11,3.394119138329567e-11,8.37081515214777e-10,0.9999999999999994,1,3,0.04193277517333627,True,True,SUCCESS,data/raw/fig4/fig4_branch_trial_4b9a277d051a,2.85821268487962e-18,0.12616890281139728,0.0,2.2204997271328367e-16,0.9999999999865156,True,3.960550513711787e-12,0.0018191756794594394,-1.3855207939585132,7.028687580587097,,,,,,,,,,,1.2624090876837841e-11,5.327623886538994e-11,direct_obc,0.0,,,,,,,,,,,U2_L40_g0p05
fig4_branch_trial_52606701f054,fig3,branch_trial,056697e838fdf90f8af053d13a5639d0d26706ba59f595f9bbc2d755d337fc52,cb20a339f3d8dfccb33e4fd8bf6738036431a0eb,056697e838fdf90f8af053d13a5639d0d26706ba59f595f9bbc2d755d337fc52,40,2.0,0.05,1.9500000000000002,0.002682695795279727,0.01982258972768728,SUCCESS,SUCCESS,8.638178962387873e-11,4.151637864128577e-11,7.623703890402567e-10,0.9999998828670893,11,3543,50.452258586417884,True,True,SUCCESS,data/raw/fig4/fig4_branch_trial_52606701f054,1.0403201107055519e-18,0.1261702688025231,0.0,4.445263337276515e-16,0.998843692638079,True,0.00041818135839775115,0.0032259640601177697,-1.3855219487436696,7.037486688932907,,,,,,,,,,,1.087946980203108e-05,6.586462255526123e-05,direct_obc,18.0,,,,,,,,,,,U2_L40_g0p05
fig4_branch_trial_52bb23658120,fig3,branch_trial,056697e838fdf90f8af053d13a5639d0d26706ba59f595f9bbc2d755d337fc52,cb20a339f3d8dfccb33e4fd8bf6738036431a0eb,056697e838fdf90f8af053d13a5639d0d26706ba59f595f9bbc2d755d337fc52,40,2.0,0.05,1.9500000000000002,1.389495494373136e-07,1.026706015713448e-06,SUCCESS,SUCCESS,8.597819107897303e-11,7.1674959380983355e-12,8.246342497741921e-10,0.9999999999999994,1,9,0.1265697181224823,True,True,SUCCESS,data/raw/fig4/fig4_branch_trial_52bb23658120,1.2271468716581505e-18,0.1261689028550394,0.0,1.0478506938751711e-16,1.0000000001179863,True,1.831351065450099e-10,0.001819248298300602,-1.3855207939585132,7.028687396538804,,,,,,,,,,,3.584936461799365e-10,5.490438189041021e-10,direct_obc,6.0,,,,,,,,,,,U2_L40_g0p05
fig4_branch_trial_560a935368f9,fig3,branch_trial,056697e838fdf90f8af053d13a5639d0d26706ba59f595f9bbc2d755d337fc52,cb20a339f3d8dfccb33e4fd8bf6738036431a0eb,056697e838fdf90f8af053d13a5639d0d26706ba59f595f9bbc2d755d337fc52,24,2.0,0.05,1.1500000000000001,3.727593720314938e-10,1.2376046991904112e-09,SUCCESS,SUCCESS,5.9655466354281e-11,3.1235425749447144e-11,2.2554946799147046e-10,0.9999999999999996,1,3,0.011737689841538668,True,True,SUCCESS,data/raw/fig4/fig4_branch_trial_560a935368f9,-1.201681352244169e-33,0.12415580286768059,0.0,3.7190580242407045e-32,1.0000000000007974,True,2.732424147523401e-12,0.019120739336665915,-1.3743468846512323,3.1581929096757615,,,,,,,,,,,1.0068550763165709e-10,2.40397586811547e-10,direct_obc,3.0,,,,,,,,,,,U2_L24_g0p05
fig4_branch_trial_59b5bbcb7989,fig3,branch_trial,056697e838fdf90f8af053d13a5639d0d26706ba59f595f9bbc2d755d337fc52,cb20a339f3d8dfccb33e4fd8bf6738036431a0eb,056697e838fdf90f8af053d13a5639d0d26706ba59f595f9bbc2d755d337fc52,40,2.0,0.05,1.9500000000000002,0.001,0.007389056098930651,SUCCESS,SUCCESS,8.706181456095925e-11,6.71842808468653e-11,7.820528669100213e-10,0.9999999857833435,13,3162,45.152957706712186,True,True,SUCCESS,data/raw/fig4/fig4_branch_trial_59b5bbcb7989,5.610405039497704e-18,0.1261694026284366,0.0,2.2517548851651834e-16,0.9998512715331319,True,5.426293202280239e-05,0.002342979823442004,-1.3855211870249193,7.029046412545461,,,,,,,,,,,3.964941205603441e-06,1.0710989927721443e-05,direct_obc,16.0,,,,,,,,,,,U2_L40_g0p05
fig4_branch_trial_61f0b4610ca1,fig3,branch_trial,056697e838fdf90f8af053d13a5639d0d26706ba59f595f9bbc2d755d337fc52,cb20a339f3d8dfccb33e4fd8bf6738036431a0eb,056697e838fdf90f8af053d13a5639d0d26706ba59f595f9bbc2d755d337fc52,40,2.0,0.05,1.9500000000000002,2.682695795279727e-09,1.982258972768728e-08,SUCCESS,SUCCESS,5.2432370717810984e-11,1.935373381013327e-11,8.434833942416731e-10,0.9999999999999996,1,3,0.0422208309173584,True,True,SUCCESS,data/raw/fig4/fig4_branch_trial_61f0b4610ca1,1.1604585610699158e-18,0.12616890281462792,0.0,3.803237860797125e-16,0.9999999999877347,True,3.816335581111761e-12,0.0018191770952316055,-1.3855207939585132,7.02868757703235,,,,,,,,,,,4.706497711857303e-11,2.1566968221713284e-10,direct_obc,4.0,,,,,,,,,,,U2_L40_g0p05
fig4_branch_trial_62a757fc7dfa,fig3,branch_trial,056697e838fdf90f8af053d13a5639d0d26706ba59f595f9bbc2d755d337fc52,cb20a339f3d8dfccb33e4fd8bf6738036431a0eb,056697e838fdf90f8af053d13a5639d0d26706ba59f595f9bbc2d755d337fc52,40,2.0,0.05,1.9500000000000002,5.179474679231202e-05,0.0003827142896783019,SUCCESS,SUCCESS,6.151173867987492e-11,7.973131028530632e-11,2.1375856640304391e-10,0.9999999998215237,14,2131,29.40767632704228,True,True,SUCCESS,data/raw/fig4/fig4_branch_trial_62a757fc7dfa,9.862438375441388e-19,0.1261689283388053,0.0,2.1573400954267828e-16,1.0000005468811521,True,1.8618502639983733e-07,0.0018462837985482317,-1.385520811048357,7.028623576040094,,,,,,,,,,,2.0234131469486104e-07,2.1659343011686896e-07,direct_obc,9.0,,,,,,,,,,,U2_L40_g0p05
fig4_branch_trial_72c2327735ee,fig3,branch_trial,056697e838fdf90f8af053d13a5639d0d26706ba59f595f9bbc2d755d337fc52,cb20a339f3d8dfccb33e4fd8bf6738036431a0eb,056697e838fdf90f8af053d13a5639d0d26706ba59f595f9bbc2d755d337fc52,24,2.0,0.05,1.1500000000000001,0.007196856730011514,0.02389440581982164,SUCCESS,SUCCESS,8.783436948755167e-11,4.520761632859879e-11,8.613622037856317e-10,0.999999453957441,15,3560,14.030168551020324,True,True,SUCCESS,data/raw/fig4/fig4_branch_trial_72c2327735ee,6.205463008419534e-34,0.12418147314481334,0.0,6.708442731133388e-32,0.9996038717853719,True,0.0003077997167353022,0.021821516992540868,-1.3742855921465051,3.160339094543609,,,,,,,,,,,0.00020718055682497933,0.00025873262651417004,direct_obc,16.0,,,,,,,,,,,U2_L24_g0p05
fig4_branch_trial_758e6039b56e,fig3,branch_trial,056697e838fdf90f8af053d13a5639d0d26706ba59f595f9bbc2d755d337fc52,cb20a339f3d8dfccb33e4fd8bf6738036431a0eb,056697e838fdf90f8af053d13a5639d0d26706ba59f595f9bbc2d755d337fc52,40,2.0,0.05,1.9500000000000002,3.727593720314938e-10,2.7543399113428686e-09,SUCCESS,SUCCESS,5.717350446791824e-11,2.235220148564563e-11,8.423777231314489e-10,0.9999999999999996,1,3,0.042461826000362635,True,True,SUCCESS,data/raw/fig4/fig4_branch_trial_758e6039b56e,1.2164337734922535e-18,0.12616890281386667,0.0,4.802914422029067e-16,0.9999999999869762,True,3.816172805601623e-12,0.0018191758852359463,-1.3855207939585132,7.028687580094311,,,,,,,,,,,3.9482853334805755e-11,1.8107656434970866e-10,direct_obc,3.0,,,,,,,,,,,U2_L40_g0p05
fig4_branch_trial_7daa00147217,fig3,branch_trial,056697e838fdf90f8af053d13a5639d0d26706ba59f595f9bbc2d755d337fc52,cb20a339f3d8dfccb33e4fd8bf6738036431a0eb,056697e838fdf90f8af053d13a5639d0d26706ba59f595f9bbc2d755d337fc52,40,2.0,0.05,1.9500000000000002,7.1968567300115285e-12,5.317797811402178e-11,SUCCESS,SUCCESS,7.078814148523251e-11,2.95164737849219e-11,8.391459749290675e-10,0.9999999999999993,1,3,0.04230668907985091,True,True,SUCCESS,data/raw/fig4/fig4_branch_trial_7daa00147217,3.73153168381729e-18,0.1261689028123878,0.0,3.3310258402115216e-16,0.9999999999866374,True,3.924924213150264e-12,0.001819175687148844,-1.3855207939585132,7.028687580578885,,,,,,,,,,,2.3139414297014125e-11,1.0078305758828392e-10,direct_obc,1.0,,,,,,,,,,,U2_L40_g0p05
fig4_branch_trial_81f94b55c164,fig3,branch_trial,056697e838fdf90f8af053d13a5639d0d26706ba59f595f9bbc2d755d337fc52,cb20a339f3d8dfccb33e4fd8bf6738036431a0eb,056697e838fdf90f8af053d13a5639d0d26706ba59f595f9bbc2d755d337fc52,40,2.0,0.05,1.9500000000000002,7.196856730011514e-06,5.317797811402167e-05,SUCCESS,SUCCESS,9.867352384323809e-11,6.816420345316087e-16,5.556315407773127e-10,0.9999999999965477,1,501,7.058304845821112,True,True,SUCCESS,data/raw/fig4/fig4_branch_trial_81f94b55c164,-5.7238615093044545e-18,0.12616890623120844,0.0,1.1421650871952223e-16,1.0000001183743874,True,4.053076608526783e-08,0.001822935425655814,-1.3855207939585132,7.0286781455182235,,,,,,,,,,,2.7114539119708166e-08,2.7753442319629414e-08,direct_obc,8.0,,,,,,,,,,,U2_L40_g0p05
fig4_branch_trial_86516412eff3,fig3,branch_trial,056697e838fdf90f8af053d13a5639d0d26706ba59f595f9bbc2d755d337fc52,cb20a339f3d8dfccb33e4fd8bf6738036431a0eb,056697e838fdf90f8af053d13a5639d0d26706ba59f595f9bbc2d755d337fc52,40,2.0,0.05,1.9500000000000002,0.007196856730011514,0.053177978114021675,SUCCESS,SUCCESS,8.726071631085245e-11,2.917054580278273e-11,1.2246914593561087e-10,0.999998428218914,11,3975,56.03575255535543,True,True,SUCCESS,data/raw/fig4/fig4_branch_trial_86516412eff3,3.9936030032522157e-19,0.1261727341025288,0.0,3.0479938840428245e-16,0.9915409008061011,True,0.003058962443538283,0.004470804360455438,-1.385524639173357,7.132016358805721,,,,,,,,,,,3.123686282601456e-05,0.00044622205746820687,direct_obc,20.0,,,,,,,,,,,U2_L40_g0p05
fig4_branch_trial_87a919311ffa,fig3,branch_trial,056697e838fdf90f8af053d13a5639d0d26706ba59f595f9bbc2d755d337fc52,cb20a339f3d8dfccb33e4fd8bf6738036431a0eb,056697e838fdf90f8af053d13a5639d0d26706ba59f595f9bbc2d755d337fc52,24,2.0,0.05,1.1500000000000001,0.1389495494373136,0.4613287504934435,SUCCESS,SUCCESS,7.043740792822808e-11,8.197257459226459e-11,2.2622104189906622e-10,0.9977345563903017,21,7370,30.463277090806514,True,True,SUCCESS,data/raw/fig4/fig4_branch_trial_87a919311ffa,1.5502890037292006e-18,0.12487255312126619,0.0,3.1913812778727966e-16,0.7840403803996113,True,0.15381169681691328,0.002791879617156212,-1.373874673968075,8.600175670668262,,,,,,,,,,,0.006290897685767548,0.036103397484135505,direct_obc,13.0,,,,,,,,,,,U2_L24_g0p05
fig4_branch_trial_8bfdc49d9872,fig3,branch_trial,056697e838fdf90f8af053d13a5639d0d26706ba59f595f9bbc2d755d337fc52,cb20a339f3d8dfccb33e4fd8bf6738036431a0eb,056697e838fdf90f8af053d13a5639d0d26706ba59f595f9bbc2d755d337fc52,24,2.0,0.05,1.1500000000000001,1e-06,3.320116922736548e-06,SUCCESS,SUCCESS,8.687987138722638e-11,7.45081463596045e-11,7.175013916338457e-10,0.999999999999949,12,1384,5.34978148387745,True,True,SUCCESS,data/raw/fig4/fig4_branch_trial_8bfdc49d9872,-1.4511810909102662e-33,0.1241558062464565,0.0,3.0604243227402353e-32,1.0000000592157008,True,4.2908501834302744e-08,0.019121111523089818,-1.3743468748856074,3.158192864397751,,,,,,,,,,,2.7368195891544135e-08,2.672821703843194e-08,direct_obc,7.0,,,,,,,,,,,U2_L24_g0p05
fig4_branch_trial_8dc2cf3e7e24,fig3,branch_trial,056697e838fdf90f8af053d13a5639d0d26706ba59f595f9bbc2d755d337fc52,cb20a339f3d8dfccb33e4fd8bf6738036431a0eb,056697e838fdf90f8af053d13a5639d0d26706ba59f595f9bbc2d755d337fc52,40,2.0,0.05,1.9500000000000002,0.0006105402296585327,0.0045113160076009,SUCCESS,SUCCESS,9.227071090364292e-11,3.1655464635898155e-11,5.305501593610984e-10,0.9999999948157745,13,2944,41.525871915277094,True,True,SUCCESS,data/raw/fig4/fig4_branch_trial_8dc2cf3e7e24,4.384470130614178e-19,0.1261692064906757,0.0,1.101360164438393e-16,0.9999491733658176,True,1.8758216901075072e-05,0.002138891999706072,-1.3855210258921071,7.028506487261839,,,,,,,,,,,2.407876916362076e-06,4.6989680177702915e-06,direct_obc,15.0,,,,,,,,,,,U2_L40_g0p05
fig4_branch_trial_8df56f0d02aa,fig3,branch_trial,056697e838fdf90f8af053d13a5639d0d26706ba59f595f9bbc2d755d337fc52,cb20a339f3d8dfccb33e4fd8bf6738036431a0eb,056697e838fdf90f8af053d13a5639d0d26706ba59f595f9bbc2d755d337fc52,40,2.0,0.05,1.9500000000000002,0.011787686347935854,0.08709987570149699,SUCCESS,SUCCESS,8.285567012398469e-11,7.824681260308907e-11,5.709868133862983e-10,0.9999916696754669,14,4362,62.322040021885186,True,True,SUCCESS,data/raw/fig4/fig4_branch_trial_8df56f0d02aa,-2.7820820974003555e-18,0.1261754052469036,0.0,4.4314446321422867e-16,0.977659460767116,True,0.008118293640324238,0.004073196104359189,-1.3855283355946921,7.600629561599437,,,,,,,,,,,5.498112117174282e-05,0.0011641780402934724,direct_obc,21.0,,,,,,,,,,,U2_L40_g0p05
fig4_branch_trial_8ffbe5ddaa3a,fig3,branch_trial,056697e838fdf90f8af053d13a5639d0d26706ba59f595f9bbc2d755d337fc52,cb20a339f3d8dfccb33e4fd8bf6738036431a0eb,056697e838fdf90f8af053d13a5639d0d26706ba59f595f9bbc2d755d337fc52,24,2.0,0.05,1.1500000000000001,2.682695795279727e-09,8.906863708462405e-09,SUCCESS,SUCCESS,6.346766567941495e-11,2.8653564991838457e-11,2.193683013018699e-10,0.9999999999999994,1,3,0.011799986939877272,True,True,SUCCESS,data/raw/fig4/fig4_branch_trial_8ffbe5ddaa3a,-2.192024039289421e-33,0.12415580287108247,0.0,1.6340124150009064e-32,1.0000000000057412,True,1.966716234592822e-11,0.019120740253732782,-1.3743468846512323,3.1581929095889167,,,,,,,,,,,1.2988768667758986e-10,2.933881841123319e-10,direct_obc,4.0,,,,,,,,,,,U2_L24_g0p05
fig4_branch_trial_90b487f1f7a0,fig3,branch_trial,056697e838fdf90f8af053d13a5639d0d26706ba59f595f9bbc2d755d337fc52,cb20a339f3d8dfccb33e4fd8bf6738036431a0eb,056697e838fdf90f8af053d13a5639d0d26706ba59f595f9bbc2d755d337fc52,24,2.0,0.05,1.1500000000000001,0.0003727593720314938,0.0012376046991904113,SUCCESS,SUCCESS,8.968438122907508e-11,6.340046405035102e-11,1.6839318828232308e-10,0.9999999928473235,13,1944,7.649388419929892,True,True,SUCCESS,data/raw/fig4/fig4_branch_trial_90b487f1f7a0,1.459345313138606e-33,0.12415707933614695,0.0,5.928552836123532e-32,1.0000207555903364,True,1.5131331387642467e-05,0.01926062861067801,-1.3743436374151785,3.1581824968694776,,,,,,,,,,,1.0303639341666192e-05,1.0074641308152554e-05,direct_obc,10.0,,,,,,,,,,,U2_L24_g0p05
fig4_branch_trial_a11dcbe19fb6,fig3,branch_trial,056697e838fdf90f8af053d13a5639d0d26706ba59f595f9bbc2d755d337fc52,cb20a339f3d8dfccb33e4fd8bf6738036431a0eb,056697e838fdf90f8af053d13a5639d0d26706ba59f595f9bbc2d755d337fc52,40,2.0,0.05,1.9500000000000002,0.05179474679231202,0.38271428967830184,SUCCESS,SUCCESS,8.865045513313536e-11,4.3617146223769385e-11,4.881292037239859e-10,0.9989259393638197,17,8589,129.32742632785812,True,True,SUCCESS,data/raw/fig4/fig4_branch_trial_a11dcbe19fb6,-2.897547392103771e-19,0.1261949888440082,0.1,0.012275121483911964,0.724893503795551,True,0.11207577245251296,0.011837275216999121,-1.3856064475655399,9.02040403859571,,,,,,,,,,,0.00033800034149282396,0.015648036631882366,direct_obc,24.0,,,,,,,,,,,U2_L40_g0p05
fig4_branch_trial_a281339d266a,fig3,branch_trial,056697e838fdf90f8af053d13a5639d0d26706ba59f595f9bbc2d755d337fc52,cb20a339f3d8dfccb33e4fd8bf6738036431a0eb,056697e838fdf90f8af053d13a5639d0d26706ba59f595f9bbc2d755d337fc52,24,2.0,0.05,1.1500000000000001,0.05179474679231202,0.17196461533400967,SUCCESS,SUCCESS,8.934827559248966e-11,4.849643314013304e-11,4.310373169502668e-10,0.9999587699047184,13,6361,25.835205048322678,True,True,SUCCESS,data/raw/fig4/fig4_branch_trial_a281339d266a,6.777068791332688e-34,0.12438297229711398,0.0,2.4310443114185662e-32,0.9618644141574887,True,0.02620522777108523,0.018342992763645594,-1.373982325437269,3.313814858383914,,,,,,,,,,,0.0018781326027976929,0.006709460805416133,direct_obc,20.0,,,,,,,,,,,U2_L24_g0p05
fig4_branch_trial_a470baa780da,fig3,branch_trial,056697e838fdf90f8af053d13a5639d0d26706ba59f595f9bbc2d755d337fc52,cb20a339f3d8dfccb33e4fd8bf6738036431a0eb,056697e838fdf90f8af053d13a5639d0d26706ba59f595f9bbc2d755d337fc52,40,2.0,0.05,1.9500000000000002,0.0003727593720314938,0.0027543399113428685,SUCCESS,SUCCESS,8.568196034910884e-11,8.14236986937301e-11,2.6740665237667827e-10,0.9999999907089506,13,2765,38.33895666990429,True,True,SUCCESS,data/raw/fig4/fig4_branch_trial_a470baa780da,-4.268431896919648e-18,0.12616908766138685,0.0,4.773901822922138e-16,0.9999838782536441,True,6.105971388424474e-06,0.0020143448804845754,-1.3855209331186695,7.028428140455055,,,,,,,,,,,1.4653833926355115e-06,2.2367454306693224e-06,direct_obc,10.0,,,,,,,,,,,U2_L40_g0p05
fig4_branch_trial_b087b8ce4cd8,fig3,branch_trial,056697e838fdf90f8af053d13a5639d0d26706ba59f595f9bbc2d755d337fc52,cb20a339f3d8dfccb33e4fd8bf6738036431a0eb,056697e838fdf90f8af053d13a5639d0d26706ba59f595f9bbc2d755d337fc52,24,2.0,0.05,1.1500000000000001,0.019306977288832457,0.06410142202354284,SUCCESS,SUCCESS,8.078039707085901e-11,8.571868077205455e-11,6.753564374406551e-11,0.9999804750934858,20,6062,24.351447503082454,True,True,SUCCESS,data/raw/fig4/fig4_branch_trial_b087b8ce4cd8,6.958802668695074e-34,0.12422939552692577,0.0,3.3446715853459834e-32,0.9951760487021322,True,0.0033302157234977965,0.02337000476516049,-1.3741895526532488,3.1756258716830974,,,,,,,,,,,0.0005959746887200983,0.0011577739083286148,direct_obc,12.0,,,,,,,,,,,U2_L24_g0p05
fig4_branch_trial_b41bc00ee9cf,fig3,branch_trial,056697e838fdf90f8af053d13a5639d0d26706ba59f595f9bbc2d755d337fc52,cb20a339f3d8dfccb33e4fd8bf6738036431a0eb,056697e838fdf90f8af053d13a5639d0d26706ba59f595f9bbc2d755d337fc52,40,2.0,0.05,1.9500000000000002,0.1389495494373136,1.026706015713448,SUCCESS,SUCCESS,8.317588065109581e-11,7.650045609142818e-11,5.931931612579433e-10,0.9688662924494051,20,8984,150.2899576406926,True,True,SUCCESS,data/raw/fig4/fig4_branch_trial_b41bc00ee9cf,6.62661472797184e-18,0.12618151909343567,0.45,0.047145035735002554,0.33850352467007805,True,0.3521867232678445,0.018300835197392562,-1.3860546163525296,16.240965493707886,,,,,,,,,,,0.0009154067720493785,0.04874144017357221,direct_obc,13.0,,,,,,,,,,,U2_L40_g0p05
fig4_branch_trial_c3573ed72341,fig3,branch_trial,056697e838fdf90f8af053d13a5639d0d26706ba59f595f9bbc2d755d337fc52,cb20a339f3d8dfccb33e4fd8bf6738036431a0eb,056697e838fdf90f8af053d13a5639d0d26706ba59f595f9bbc2d755d337fc52,40,2.0,0.05,1.9500000000000002,0.019306977288832457,0.142660338287963,SUCCESS,SUCCESS,8.773114379772857e-11,3.677189080568925e-11,4.421181198921431e-10,0.9999513421869456,14,5512,79.50780187593773,True,True,SUCCESS,data/raw/fig4/fig4_branch_trial_c3573ed72341,-2.0831618575231785e-18,0.1261799380486322,0.0,1.959026340496638e-16,0.9431086051036468,True,0.020958997499284853,0.0021512390760276556,-1.3855365653682785,14.242913692580387,,,,,,,,,,,0.00010032241715740205,0.0029728623300598177,direct_obc,22.0,,,,,,,,,,,U2_L40_g0p05
fig4_branch_trial_c3e85fc6cc5d,fig3,branch_trial,056697e838fdf90f8af053d13a5639d0d26706ba59f595f9bbc2d755d337fc52,cb20a339f3d8dfccb33e4fd8bf6738036431a0eb,056697e838fdf90f8af053d13a5639d0d26706ba59f595f9bbc2d755d337fc52,40,2.0,0.05,1.9500000000000002,0.002682695795279727,0.01982258972768728,SUCCESS,SUCCESS,8.497859528612246e-11,2.988398955092486e-11,7.566934856484409e-10,0.9999994668796717,9,3509,49.97786448383704,True,True,SUCCESS,data/raw/fig4/fig4_branch_trial_c3e85fc6cc5d,-8.647265801068624e-19,0.12617026880572837,0.0,4.449250694410433e-16,0.9988436920592793,True,0.00041818151615584815,0.0032259640713179216,-1.3855219487436694,7.037486689070404,,,,,,,,,,,1.0879496385269443e-05,6.586465816366566e-05,direct_obc,11.0,,,,,,,,,,,U2_L40_g0p05
fig4_branch_trial_c6a71b6f639e,fig3,branch_trial,056697e838fdf90f8af053d13a5639d0d26706ba59f595f9bbc2d755d337fc52,cb20a339f3d8dfccb33e4fd8bf6738036431a0eb,056697e838fdf90f8af053d13a5639d0d26706ba59f595f9bbc2d755d337fc52,40,2.0,0.05,1.9500000000000002,0.004393970560760791,0.03246729497051125,SUCCESS,SUCCESS,8.804598262427528e-11,3.9951282944292054e-11,8.829218467454325e-10,0.9999996157243205,13,3857,53.98712117597461,True,True,SUCCESS,data/raw/fig4/fig4_branch_trial_c6a71b6f639e,3.949338583991943e-18,0.12617118074373798,0.0,2.1826241655468464e-16,0.9968534369399122,True,0.0011367192559900811,0.0041261895851161245,-1.3855228618296072,7.05780260910432,,,,,,,,,,,1.8269160399175984e-05,0.00017059462776202274,direct_obc,19.0,,,,,,,,,,,U2_L40_g0p05
fig4_branch_trial_d11d2f9b710d,fig3,branch_trial,056697e838fdf90f8af053d13a5639d0d26706ba59f595f9bbc2d755d337fc52,cb20a339f3d8dfccb33e4fd8bf6738036431a0eb,056697e838fdf90f8af053d13a5639d0d26706ba59f595f9bbc2d755d337fc52,40,2.0,0.05,1.9500000000000002,1e-06,7.38905609893065e-06,SUCCESS,SUCCESS,9.836421493577115e-11,1.5915407414002745e-13,6.564880861148481e-10,0.9999999999999337,1,90,1.2667132993228734,True,True,SUCCESS,data/raw/fig4/fig4_branch_trial_d11d2f9b710d,-3.131008332552586e-19,0.12616890329094474,0.0,2.221096728648699e-16,1.000000006969994,True,3.193792820580219e-09,0.0018196981204392504,-1.3855207939585132,7.028686258367651,,,,,,,,,,,3.8107327117722535e-09,4.047985614397255e-09,direct_obc,7.0,,,,,,,,,,,U2_L40_g0p05
fig4_branch_trial_d1213639dc67,fig3,branch_trial,056697e838fdf90f8af053d13a5639d0d26706ba59f595f9bbc2d755d337fc52,cb20a339f3d8dfccb33e4fd8bf6738036431a0eb,056697e838fdf90f8af053d13a5639d0d26706ba59f595f9bbc2d755d337fc52,24,2.0,0.05,1.1500000000000001,0.011787686347935854,0.03913649692369241,SUCCESS,SUCCESS,6.825036987760896e-11,8.041067709053468e-11,3.1851077331168653e-11,0.999998520161055,18,4377,17.464651581831276,True,True,SUCCESS,data/raw/fig4/fig4_branch_trial_d1213639dc67,-1.9821247667665815e-33,0.12419895876801906,0.0,2.079681734029369e-32,0.9984759197364377,True,0.0010748107173911643,0.02354527017351704,-1.3742481006118072,3.1643529806232276,,,,,,,,,,,0.00034858894481062176,0.0005235301029850783,direct_obc,17.0,,,,,,,,,,,U2_L24_g0p05
fig4_branch_trial_d84e2bfde400,fig3,branch_trial,056697e838fdf90f8af053d13a5639d0d26706ba59f595f9bbc2d755d337fc52,cb20a339f3d8dfccb33e4fd8bf6738036431a0eb,056697e838fdf90f8af053d13a5639d0d26706ba59f595f9bbc2d755d337fc52,24,2.0,0.05,1.1500000000000001,1e-12,3.320116922736548e-12,SUCCESS,SUCCESS,7.919045881362704e-11,4.715519421547884e-11,2.357223305438083e-10,0.9999999999999997,1,3,0.011784920003265142,True,True,SUCCESS,data/raw/fig4/fig4_branch_trial_d84e2bfde400,-5.3162950645963936e-34,0.12415580286123303,0.0,3.090646609865961e-32,1.0000000000000016,True,6.450844275949712e-15,0.01912073917142232,-1.3743468846512323,3.158192909689734,,,,,,,,,,,3.075784174003299e-11,6.993072184333294e-11,direct_obc,0.0,,,,,,,,,,,U2_L24_g0p05
fig4_branch_trial_ddf2f60b6c46,fig3,branch_trial,056697e838fdf90f8af053d13a5639d0d26706ba59f595f9bbc2d755d337fc52,cb20a339f3d8dfccb33e4fd8bf6738036431a0eb,056697e838fdf90f8af053d13a5639d0d26706ba59f595f9bbc2d755d337fc52,24,2.0,0.05,1.1500000000000001,0.1389495494373136,0.4613287504934435,SUCCESS,SUCCESS,9.121345576143098e-11,5.854917941679406e-11,7.451105288325266e-10,0.9993401867373717,12,4396,18.214660960715264,True,True,SUCCESS,data/raw/fig4/fig4_branch_trial_ddf2f60b6c46,-7.042352414485396e-20,0.12487255320945136,0.0,3.0428157934150324e-16,0.7840403770414074,True,0.15381169899901767,0.002791876704894891,-1.3738746747532797,8.600175408311907,,,,,,,,,,,0.006290898353968406,0.03610339880611199,direct_obc,22.0,,,,,,,,,,,U2_L24_g0p05
fig4_branch_trial_df04db37b939,fig3,branch_trial,056697e838fdf90f8af053d13a5639d0d26706ba59f595f9bbc2d755d337fc52,cb20a339f3d8dfccb33e4fd8bf6738036431a0eb,056697e838fdf90f8af053d13a5639d0d26706ba59f595f9bbc2d755d337fc52,24,2.0,0.05,1.1500000000000001,5.179474679231202e-05,0.0001719646153340097,SUCCESS,SUCCESS,8.689572701732127e-11,6.267632519995666e-11,1.044584418963268e-10,0.9999999998618792,14,1778,6.972908632829785,True,True,SUCCESS,data/raw/fig4/fig4_branch_trial_df04db37b939,-1.1413332945173365e-33,0.12415597992062166,0.0,2.9303164162198993e-32,1.0000031536995588,True,2.268841608332202e-06,0.019140177114220336,-1.374346432991076,3.1581906763200607,,,,,,,,,,,1.4292814925478925e-06,1.3878320602262411e-06,direct_obc,9.0,,,,,,,,,,,U2_L24_g0p05
fig4_branch_trial_e1c684e8bc05,fig3,branch_trial,056697e838fdf90f8af053d13a5639d0d26706ba59f595f9bbc2d755d337fc52,cb20a339f3d8dfccb33e4fd8bf6738036431a0eb,056697e838fdf90f8af053d13a5639d0d26706ba59f595f9bbc2d755d337fc52,24,2.0,0.05,1.1500000000000001,0.004393970560760791,0.014588496016788102,SUCCESS,SUCCESS,9.031324399419577e-11,5.952369486248399e-11,3.720039831733857e-10,0.99999979695996,16,3001,11.852201524190605,True,True,SUCCESS,data/raw/fig4/fig4_branch_trial_e1c684e8bc05,4.015182465865857e-34,0.12417121964984248,0.0,3.4833179496878223e-32,0.9999578927215594,True,8.573807026952124e-05,0.020769599977615405,-1.3743091042252993,3.1589107879728564,,,,,,,,,,,0.00012440681321693065,0.0001386860185739018,direct_obc,15.0,,,,,,,,,,,U2_L24_g0p05
fig4_branch_trial_f345299a1a64,fig3,branch_trial,056697e838fdf90f8af053d13a5639d0d26706ba59f595f9bbc2d755d337fc52,cb20a339f3d8dfccb33e4fd8bf6738036431a0eb,056697e838fdf90f8af053d13a5639d0d26706ba59f595f9bbc2d755d337fc52,24,2.0,0.05,1.1500000000000001,0.08483428982440708,0.2816597612743509,SUCCESS,SUCCESS,9.347013043962918e-11,2.8829705907874954e-11,6.567909549559658e-10,0.999833955617196,18,6851,27.58120843814686,True,True,SUCCESS,data/raw/fig4/fig4_branch_trial_f345299a1a64,6.944270436524463e-34,0.12456366287539933,0.0,2.017283979610458e-32,0.9035560226913684,True,0.06691384866585715,0.004006208090780783,-1.373859583194967,5.9038553354986645,,,,,,,,,,,0.003456446254555578,0.01613906177136195,direct_obc,21.0,,,,,,,,,,,U2_L24_g0p05
fig4_branch_trial_f9206abf2560,fig3,branch_trial,056697e838fdf90f8af053d13a5639d0d26706ba59f595f9bbc2d755d337fc52,cb20a339f3d8dfccb33e4fd8bf6738036431a0eb,056697e838fdf90f8af053d13a5639d0d26706ba59f595f9bbc2d755d337fc52,24,2.0,0.05,1.1500000000000001,7.196856730011514e-06,2.3894405819821644e-05,SUCCESS,SUCCESS,8.72974436756049e-11,4.926304953212707e-11,6.045700606804871e-10,0.9999999999973385,13,1601,6.18467139499262,True,True,SUCCESS,data/raw/fig4/fig4_branch_trial_f9206abf2560,-8.21071070971184e-34,0.1241558273977001,0.0,4.6454298009323325e-32,1.000000443279162,True,3.184195568366306e-07,0.019123437957797362,-1.3743468211746697,3.1581925841970993,,,,,,,,,,,1.9812158836924235e-07,1.9206329275373615e-07,direct_obc,8.0,,,,,,,,,,,U2_L24_g0p05
fig4_branch_trial_f932041127f0,fig3,branch_trial,056697e838fdf90f8af053d13a5639d0d26706ba59f595f9bbc2d755d337fc52,cb20a339f3d8dfccb33e4fd8bf6738036431a0eb,056697e838fdf90f8af053d13a5639d0d26706ba59f595f9bbc2d755d337fc52,40,2.0,0.05,1.9500000000000002,5.179474679231202e-11,3.8271428967830186e-10,SUCCESS,SUCCESS,6.355742417472347e-11,2.5685755385360047e-11,8.409005713971851e-10,0.9999999999999994,1,3,0.042242301162332296,True,True,SUCCESS,data/raw/fig4/fig4_branch_trial_f932041127f0,3.60740737286378e-18,0.12616890281319013,0.0,4.441143750128411e-16,0.999999999986769,True,3.884720383504868e-12,0.001819175714254051,-1.3855207939585132,7.0286875805197795,,,,,,,,,,,3.194193264232375e-11,1.4316618750706648e-10,direct_obc,2.0,,,,,,,,,,,U2_L40_g0p05
fig4_branch_trial_fa3aeaa7d001,fig3,branch_trial,056697e838fdf90f8af053d13a5639d0d26706ba59f595f9bbc2d755d337fc52,cb20a339f3d8dfccb33e4fd8bf6738036431a0eb,056697e838fdf90f8af053d13a5639d0d26706ba59f595f9bbc2d755d337fc52,40,2.0,0.05,1.9500000000000002,1.9306977288832496e-08,1.426603382879633e-07,SUCCESS,SUCCESS,5.6347496286476066e-11,1.6060463570011207e-11,8.43274783335346e-10,0.9999999999999998,1,3,0.04221899714320898,True,True,SUCCESS,data/raw/fig4/fig4_branch_trial_fa3aeaa7d001,1.752942961709459e-19,0.1261689028167961,0.0,4.467381684911189e-16,0.9999999999924649,True,1.1252032415219406e-11,0.0018191857858960159,-1.3855207939585132,7.028687554996406,,,,,,,,,,,6.314793681039884e-11,2.524271007857303e-10,direct_obc,5.0,,,,,,,,,,,U2_L40_g0p05
fig4_branch_trial_fb1b4fe5b65c,fig3,branch_trial,056697e838fdf90f8af053d13a5639d0d26706ba59f595f9bbc2d755d337fc52,cb20a339f3d8dfccb33e4fd8bf6738036431a0eb,056697e838fdf90f8af053d13a5639d0d26706ba59f595f9bbc2d755d337fc52,24,2.0,0.05,1.1500000000000001,0.03162277660168373,0.10499131573916749,SUCCESS,SUCCESS,8.946186369105099e-11,5.347468426816308e-11,6.196719803952533e-10,0.9999878770515052,18,6018,24.193319410085678,True,True,SUCCESS,data/raw/fig4/fig4_branch_trial_fb1b4fe5b65c,-7.320673616892136e-34,0.12428373974133435,0.0,2.6127724943091016e-32,0.9860112824784302,True,0.009601459776187716,0.02122348154382836,-1.3741018385070163,3.2081407628733425,,,,,,,,,,,0.0010429179718377795,0.0027438325047301772,direct_obc,19.0,,,,,,,,,,,U2_L24_g0p05
fig4_branch_trial_fc0a4bccd8a3,fig3,branch_trial,056697e838fdf90f8af053d13a5639d0d26706ba59f595f9bbc2d755d337fc52,cb20a339f3d8dfccb33e4fd8bf6738036431a0eb,056697e838fdf90f8af053d13a5639d0d26706ba59f595f9bbc2d755d337fc52,24,2.0,0.05,1.1500000000000001,0.002682695795279727,0.008906863708462404,SUCCESS,SUCCESS,8.586692831624828e-11,3.2420655185144146e-11,6.835648713732212e-10,0.9999996299952173,13,2755,10.91524524288252,True,True,SUCCESS,data/raw/fig4/fig4_branch_trial_fc0a4bccd8a3,1.7309412341580162e-33,0.1241651193110728,0.0,3.346774703459398e-32,1.0000488014256546,True,5.612887963619631e-05,0.02012743643006143,-1.374323684541746,3.158412078783296,,,,,,,,,,,7.518330298077792e-05,7.86758070038493e-05,direct_obc,11.0,,,,,,,,,,,U2_L24_g0p05
fig4_branch_trial_febad73594e1,fig3,branch_trial,056697e838fdf90f8af053d13a5639d0d26706ba59f595f9bbc2d755d337fc52,cb20a339f3d8dfccb33e4fd8bf6738036431a0eb,056697e838fdf90f8af053d13a5639d0d26706ba59f595f9bbc2d755d337fc52,40,2.0,0.05,1.9500000000000002,0.08483428982440708,0.6268453266254855,SUCCESS,SUCCESS,8.954395965634962e-11,3.334612190248725e-11,4.712177315013832e-10,0.997031942681853,18,8834,143.94338151300326,True,True,SUCCESS,data/raw/fig4/fig4_branch_trial_febad73594e1,-8.384518176750483e-18,0.12619701231865857,0.2,0.021833468417902003,0.5320330369137883,True,0.21351371761303212,0.011015399712264118,-1.3857350740871641,14.653163909254431,,,,,,,,,,,0.0005703812947825437,0.02960755737849374,direct_obc,25.0,,,,,,,,,,,U2_L40_g0p05
fig4_momentum_benchmark_b3c82862c830,fig3,momentum_benchmark,056697e838fdf90f8af053d13a5639d0d26706ba59f595f9bbc2d755d337fc52,cb20a339f3d8dfccb33e4fd8bf6738036431a0eb,056697e838fdf90f8af053d13a5639d0d26706ba59f595f9bbc2d755d337fc52,24,2.0,0.05,1.1500000000000001,1.0,3.320116922736548,SUCCESS,SUCCESS,6.148727116323053e-12,5.605255836244238e-11,9.335108241970147e-10,0.9564649050469654,25,2311,9.647780551109463,True,True,,data/raw/fig4/fig4_momentum_benchmark_b3c82862c830,-4.1986812491484564e-18,0.12819196083082024,0.9166666666666666,0.10004167187531081,0.18085544775918883,True,0.7673136065679522,0.04934677761036249,-1.3994662774962965,1.0000000000002824,,,,,,,,,,,,,,,,,,4.314779571692463e-16,7.10959875994756e-15,1.0941355880580787e-15,,,,,U2_L24_g0p05
fig4_momentum_benchmark_dcd6459cc1c5,fig3,momentum_benchmark,056697e838fdf90f8af053d13a5639d0d26706ba59f595f9bbc2d755d337fc52,cb20a339f3d8dfccb33e4fd8bf6738036431a0eb,056697e838fdf90f8af053d13a5639d0d26706ba59f595f9bbc2d755d337fc52,40,2.0,0.05,1.9500000000000002,1.0,7.38905609893065,SUCCESS,SUCCESS,7.353612733788414e-11,2.1528646954713955e-11,8.289194886046403e-10,0.8016196149104823,25,3611,61.14089545980096,True,True,,data/raw/fig4/fig4_momentum_benchmark_dcd6459cc1c5,-9.107918248283687e-18,0.1264994781391756,0.95,0.1000416718753106,0.036802241071064126,True,0.8656416436976156,0.013622136695750908,-1.403718616587536,1.0000000000010025,,,,,,,,,,,,,,,,,,2.8356229535111957e-16,1.8367539534361572e-14,1.4233458340418147e-15,,,,,U2_L40_g0p05
fig4_obc_seed_b96c5c2e74f0,fig3,obc_seed,056697e838fdf90f8af053d13a5639d0d26706ba59f595f9bbc2d755d337fc52,cb20a339f3d8dfccb33e4fd8bf6738036431a0eb,056697e838fdf90f8af053d13a5639d0d26706ba59f595f9bbc2d755d337fc52,40,2.0,0.05,1.9500000000000002,0.0,0.0,SUCCESS,SUCCESS,8.770906583448052e-11,3.905881654916399e-11,8.346452418095396e-10,,31,12278,134.53462249133736,True,True,,data/raw/fig4/fig4_obc_seed_b96c5c2e74f0,3.0919930413336927e-18,0.12616890281016876,0.0,4.3021142397558437e-16,0.9999999999863934,True,3.996271234899208e-12,0.0018191756736825049,-1.3855207939585132,7.028687580588388,,,,,,,,,,,,,direct_obc,,SUCCESS,False,,,,,,,,,U2_L40_g0p05
fig4_obc_seed_dd092fc79bcc,fig3,obc_seed,056697e838fdf90f8af053d13a5639d0d26706ba59f595f9bbc2d755d337fc52,cb20a339f3d8dfccb33e4fd8bf6738036431a0eb,056697e838fdf90f8af053d13a5639d0d26706ba59f595f9bbc2d755d337fc52,24,2.0,0.05,1.1500000000000001,0.0,0.0,SUCCESS,SUCCESS,8.758448331458183e-11,5.4277222370553893e-11,2.4006518994923454e-10,,31,8963,17.211124524008483,True,True,,data/raw/fig4/fig4_obc_seed_dd092fc79bcc,3.248666825021118e-35,0.12415580285839675,0.0,0.0,1.0,True,2.9356153919935327e-16,0.019120739162684863,-1.3743468846512323,3.1581929096897694,,,,,,,,,,,,,direct_obc,,SUCCESS,False,,,,,,,,,U2_L24_g0p05
fig4_pbc_seed_endpoint_4c65e82aefea,fig3,pbc_seed_endpoint,056697e838fdf90f8af053d13a5639d0d26706ba59f595f9bbc2d755d337fc52,cb20a339f3d8dfccb33e4fd8bf6738036431a0eb,056697e838fdf90f8af053d13a5639d0d26706ba59f595f9bbc2d755d337fc52,40,2.0,0.05,1.9500000000000002,1.0,7.38905609893065,SUCCESS,SUCCESS,5.958512632604932e-11,1.4200807223374598e-11,8.195586431725133e-10,0.9999999999999997,1,3,0.05301163624972105,True,True,,data/raw/fig4/fig4_pbc_seed_endpoint_4c65e82aefea,-1.196842788929241e-17,0.12649947812856907,0.95,0.10004167187531027,0.03680224107106413,True,0.8656416436976158,0.013622136704379196,-1.403718616587536,1.0000000000006501,,,,,,,,,,,,,,,,,,,,,1.1701074151829612e-11,8.384634148906029e-11,1.7471746272067967e-11,,U2_L40_g0p05
fig4_pbc_seed_endpoint_99b42d018e56,fig3,pbc_seed_endpoint,056697e838fdf90f8af053d13a5639d0d26706ba59f595f9bbc2d755d337fc52,cb20a339f3d8dfccb33e4fd8bf6738036431a0eb,056697e838fdf90f8af053d13a5639d0d26706ba59f595f9bbc2d755d337fc52,24,2.0,0.05,1.1500000000000001,1.0,3.320116922736548,SUCCESS,SUCCESS,5.003101163214458e-12,3.6462436040527165e-11,9.57813495183757e-10,0.9999999999999991,1,3,0.01294071413576603,True,True,,data/raw/fig4/fig4_pbc_seed_endpoint_99b42d018e56,9.008050543444476e-19,0.12819196082992046,0.9166666666666666,0.10004167187531025,0.18085544775918888,True,0.7673136065679523,0.04934677762557015,-1.3994662774962965,1.0000000000003197,,,,,,,,,,,,,,,,,,,,,3.0378136314551176e-11,7.019304598985877e-12,2.424593860031258e-11,,U2_L24_g0p05
fig4_pbc_seed_random_083d16d3ad25,fig3,pbc_seed_random,056697e838fdf90f8af053d13a5639d0d26706ba59f595f9bbc2d755d337fc52,cb20a339f3d8dfccb33e4fd8bf6738036431a0eb,056697e838fdf90f8af053d13a5639d0d26706ba59f595f9bbc2d755d337fc52,40,2.0,0.05,1.9500000000000002,1.0,7.38905609893065,SUCCESS,SUCCESS,9.577575821718201e-11,5.758570874486313e-14,8.004721330223674e-10,0.9999999999999991,1,1033,18.237260872032493,True,True,,data/raw/fig4/fig4_pbc_seed_random_083d16d3ad25,2.0184901674890315e-12,0.1264994780827585,0.95,0.1000416718753106,0.036943360242496844,True,0.8656416438474883,0.013622136722335254,-1.403718616587536,1.0019137065908845,,,,,,,,,,,,,,,,,,,,,3.557736348914111e-11,4.3685895669768623e-10,7.800121659761737e-11,,U2_L40_g0p05
fig4_pbc_seed_random_9aab966b2a8d,fig3,pbc_seed_random,056697e838fdf90f8af053d13a5639d0d26706ba59f595f9bbc2d755d337fc52,cb20a339f3d8dfccb33e4fd8bf6738036431a0eb,056697e838fdf90f8af053d13a5639d0d26706ba59f595f9bbc2d755d337fc52,24,2.0,0.05,1.1500000000000001,1.0,3.320116922736548,SUCCESS,SUCCESS,5.539451006031287e-11,5.3388055198413944e-11,2.747347904730191e-10,0.9999999999999994,14,926,3.8729345751926303,True,True,,data/raw/fig4/fig4_pbc_seed_random_9aab966b2a8d,1.2187856055507975e-12,0.12819196083470252,0.9166666666666666,0.10004167187531043,0.18460780544328195,True,0.7673136066637788,0.04934677532677265,-1.3994662799377027,1.0100639004516159,,,,,,,,,,,,,,,,,,,,,1.5103074656587355e-09,3.112674460611996e-11,3.6162512984106537e-09,,U2_L24_g0p05
fig4_pbc_seed_uniform_53616f4a0222,fig3,pbc_seed_uniform,056697e838fdf90f8af053d13a5639d0d26706ba59f595f9bbc2d755d337fc52,cb20a339f3d8dfccb33e4fd8bf6738036431a0eb,056697e838fdf90f8af053d13a5639d0d26706ba59f595f9bbc2d755d337fc52,24,2.0,0.05,1.1500000000000001,1.0,3.320116922736548,SUCCESS,SUCCESS,5.0030365978541955e-12,3.6462447605038545e-11,9.57813495183757e-10,0.9999999999999991,1,3,0.01278288010507822,True,True,,data/raw/fig4/fig4_pbc_seed_uniform_53616f4a0222,8.310946954880837e-18,0.12819196082992046,0.9166666666666666,0.1000416718753106,0.1808554477591888,True,0.7673136065679524,0.049346777625568904,-1.3994662774962965,1.0000000000004114,,,,,,,,,,,,,,,,,,,,,3.0378113186987324e-11,7.019719648729473e-12,2.425037948253651e-11,,U2_L24_g0p05
fig4_pbc_seed_uniform_c4bd19b1b790,fig3,pbc_seed_uniform,056697e838fdf90f8af053d13a5639d0d26706ba59f595f9bbc2d755d337fc52,cb20a339f3d8dfccb33e4fd8bf6738036431a0eb,056697e838fdf90f8af053d13a5639d0d26706ba59f595f9bbc2d755d337fc52,40,2.0,0.05,1.9500000000000002,1.0,7.38905609893065,SUCCESS,SUCCESS,5.95859184525702e-11,1.4200918251678266e-11,8.195586431725133e-10,0.9999999999999989,1,3,0.053228387143462896,True,True,,data/raw/fig4/fig4_pbc_seed_uniform_c4bd19b1b790,1.7150791621524392e-17,0.12649947812856918,0.95,0.10004167187531023,0.03680224107106396,True,0.8656416436976163,0.013622136704378294,-1.403718616587536,1.0000000000004736,,,,,,,,,,,,,,,,,,,,,1.1700977009936062e-11,8.38456338905723e-11,1.7469969915586862e-11,,U2_L40_g0p05
